Order_ID,Order_Date,Customer_ID,Product_ID,Quantity,Sales_Channel,Payment_Method,Product_Name,Category,Compatible_Brand,Unit_Price,Customer_Type,Province,Discount_Pct,Gross_Sales,Discount_Amount,Net_Sales,AI_Recommendation,Customer_Rating
ORD00215,2026-01-01,C0132,P012,1,Marketplace,บัตรเครดิต,Oil Filter,Engine,Nissan,250.0,เจ้าของรถ,กรุงเทพมหานคร,0,250.0,0.0,250.0,No,4
ORD00508,2026-01-01,C0065,P007,1,Facebook,บัตรเครดิต,Shock Absorber,Suspension,Toyota,2200.0,เจ้าของรถ,ระยอง,0,2200.0,0.0,2200.0,Yes,4
ORD01755,2026-01-01,C0250,P013,1,Website,PromptPay,Alternator,Electrical,Toyota,4800.0,อู่ซ่อมรถ,ภูเก็ต,0,4800.0,0.0,4800.0,Yes,5
ORD00820,2026-01-01,C0147,P004,2,Marketplace,โอนเงิน,Air Filter,Engine,Toyota,450.0,ศูนย์บริการ,กรุงเทพมหานคร,0,900.0,0.0,900.0,Yes,5
ORD00993,2026-01-01,C0202,P018,3,Facebook,โอนเงิน,Fuel Pump,Engine,Toyota,2700.0,อู่ซ่อมรถ,ฉะเชิงเทรา,0,8100.0,0.0,8100.0,No,4
ORD01337,2026-01-01,C0148,P008,2,Website,โอนเงิน,Radiator,Cooling,Isuzu,3500.0,เจ้าของรถ,ฉะเชิงเทรา,0,7000.0,0.0,7000.0,Yes,4
ORD01182,2026-01-02,C0116,P010,2,Line OA,PromptPay,AC Compressor,AC,Toyota,5800.0,อู่ซ่อมรถ,ชลบุรี,0,11600.0,0.0,11600.0,Yes,5
ORD01655,2026-01-02,C0035,P014,1,Mobile App,เก็บเงินปลายทาง,Clutch Set,Engine,Isuzu,3900.0,เจ้าของรถ,ฉะเชิงเทรา,0,3900.0,0.0,3900.0,No,4
ORD01383,2026-01-02,C0001,P012,1,Mobile App,PromptPay,Oil Filter,Engine,Nissan,250.0,ร้านอะไหล่,ฉะเชิงเทรา,0,250.0,0.0,250.0,Yes,4
ORD01578,2026-01-02,C0080,P015,1,Mobile App,เก็บเงินปลายทาง,Radiator Hose,Cooling,Honda,650.0,เจ้าของรถ,ขอนแก่น,0,650.0,0.0,650.0,No,4
ORD00506,2026-01-03,C0028,P014,1,Mobile App,โอนเงิน,Clutch Set,Engine,Isuzu,3900.0,เจ้าของรถ,ขอนแก่น,0,3900.0,0.0,3900.0,Yes,5
ORD00573,2026-01-03,C0183,P011,1,Mobile App,บัตรเครดิต,Brake Fluid,Brake,Nissan,280.0,ร้านอะไหล่,กรุงเทพมหานคร,10,280.0,28.0,252.0,No,5
ORD00718,2026-01-03,C0218,P020,3,Line OA,บัตรเครดิต,Wiper Blade,Exterior,Nissan,420.0,เจ้าของรถ,ฉะเชิงเทรา,0,1260.0,0.0,1260.0,No,4
ORD00906,2026-01-03,C0250,P003,1,Marketplace,PromptPay,Car Battery,Electrical,Toyota,2800.0,อู่ซ่อมรถ,ภูเก็ต,0,2800.0,0.0,2800.0,No,5
ORD01274,2026-01-03,C0112,P016,4,Website,โอนเงิน,AC Filter,AC,Toyota,380.0,อู่ซ่อมรถ,กรุงเทพมหานคร,0,1520.0,0.0,1520.0,Yes,5
ORD01440,2026-01-03,C0002,P005,2,Marketplace,PromptPay,Spark Plug,Engine,Honda,320.0,ร้านอะไหล่,ชลบุรี,0,640.0,0.0,640.0,Yes,4
ORD00098,2026-01-03,C0090,P003,4,Website,โอนเงิน,Car Battery,Electrical,Toyota,2800.0,เจ้าของรถ,กรุงเทพมหานคร,10,11200.0,1120.0,10080.0,Yes,5
ORD01782,2026-01-03,C0046,P002,1,Facebook,โอนเงิน,Brake Disc,Brake,Honda,1650.0,ศูนย์บริการ,เชียงใหม่,5,1650.0,82.5,1567.5,Yes,3
ORD01762,2026-01-03,C0062,P013,2,Facebook,โอนเงิน,Alternator,Electrical,Toyota,4800.0,เจ้าของรถ,ภูเก็ต,0,9600.0,0.0,9600.0,Yes,5
ORD01650,2026-01-04,C0098,P007,3,Line OA,เก็บเงินปลายทาง,Shock Absorber,Suspension,Toyota,2200.0,เจ้าของรถ,ภูเก็ต,0,6600.0,0.0,6600.0,No,4
ORD01304,2026-01-04,C0099,P010,4,Marketplace,โอนเงิน,AC Compressor,AC,Toyota,5800.0,ร้านอะไหล่,ชลบุรี,0,23200.0,0.0,23200.0,Yes,4
ORD01317,2026-01-04,C0183,P006,1,Facebook,PromptPay,Ball Joint,Suspension,Isuzu,1250.0,ร้านอะไหล่,กรุงเทพมหานคร,0,1250.0,0.0,1250.0,Yes,4
ORD01041,2026-01-05,C0022,P012,4,Marketplace,PromptPay,Oil Filter,Engine,Nissan,250.0,เจ้าของรถ,กรุงเทพมหานคร,0,1000.0,0.0,1000.0,Yes,4
ORD00428,2026-01-05,C0210,P016,1,Facebook,PromptPay,AC Filter,AC,Toyota,380.0,ร้านอะไหล่,ฉะเชิงเทรา,0,380.0,0.0,380.0,No,4
ORD01543,2026-01-05,C0180,P002,1,Marketplace,โอนเงิน,Brake Disc,Brake,Honda,1650.0,อู่ซ่อมรถ,ภูเก็ต,10,1650.0,165.0,1485.0,No,4
ORD00614,2026-01-05,C0159,P005,2,Website,บัตรเครดิต,Spark Plug,Engine,Honda,320.0,เจ้าของรถ,เชียงใหม่,0,640.0,0.0,640.0,Yes,4
ORD01745,2026-01-05,C0064,P014,1,Website,บัตรเครดิต,Clutch Set,Engine,Isuzu,3900.0,อู่ซ่อมรถ,เชียงใหม่,0,3900.0,0.0,3900.0,Yes,4
ORD00298,2026-01-05,C0052,P017,1,Website,โอนเงิน,Wheel Bearing,Suspension,Honda,1450.0,เจ้าของรถ,ภูเก็ต,5,1450.0,72.5,1377.5,Yes,4
ORD01091,2026-01-05,C0207,P002,1,Facebook,โอนเงิน,Brake Disc,Brake,Honda,1650.0,ศูนย์บริการ,กรุงเทพมหานคร,0,1650.0,0.0,1650.0,No,5
ORD01098,2026-01-06,C0042,P012,4,Website,เก็บเงินปลายทาง,Oil Filter,Engine,Nissan,250.0,ร้านอะไหล่,ชลบุรี,15,1000.0,150.0,850.0,No,4
ORD00357,2026-01-06,C0241,P018,1,Mobile App,เก็บเงินปลายทาง,Fuel Pump,Engine,Toyota,2700.0,เจ้าของรถ,ขอนแก่น,15,2700.0,405.0,2295.0,Yes,3
ORD01355,2026-01-06,C0206,P019,1,Facebook,บัตรเครดิต,Headlight,Electrical,Isuzu,1800.0,อู่ซ่อมรถ,นครราชสีมา,0,1800.0,0.0,1800.0,Yes,5
ORD01381,2026-01-06,C0056,P001,1,Mobile App,บัตรเครดิต,Brake Pad,Brake,Toyota,850.0,อู่ซ่อมรถ,ระยอง,0,850.0,0.0,850.0,No,4
ORD01504,2026-01-06,C0102,P007,1,Mobile App,โอนเงิน,Shock Absorber,Suspension,Toyota,2200.0,อู่ซ่อมรถ,ชลบุรี,5,2200.0,110.0,2090.0,Yes,3
ORD01162,2026-01-07,C0222,P019,3,Marketplace,บัตรเครดิต,Headlight,Electrical,Isuzu,1800.0,อู่ซ่อมรถ,กรุงเทพมหานคร,0,5400.0,0.0,5400.0,Yes,5
ORD01664,2026-01-07,C0008,P020,1,Mobile App,PromptPay,Wiper Blade,Exterior,Nissan,420.0,เจ้าของรถ,ชลบุรี,0,420.0,0.0,420.0,Yes,3
ORD01728,2026-01-07,C0198,P003,3,Website,บัตรเครดิต,Car Battery,Electrical,Toyota,2800.0,เจ้าของรถ,ชลบุรี,15,8400.0,1260.0,7140.0,No,4
ORD01462,2026-01-07,C0071,P014,4,Marketplace,PromptPay,Clutch Set,Engine,Isuzu,3900.0,ศูนย์บริการ,กรุงเทพมหานคร,15,15600.0,2340.0,13260.0,No,4
ORD01270,2026-01-08,C0097,P002,1,Website,เก็บเงินปลายทาง,Brake Disc,Brake,Honda,1650.0,เจ้าของรถ,ขอนแก่น,5,1650.0,82.5,1567.5,Yes,4
ORD01631,2026-01-08,C0121,P002,1,Facebook,บัตรเครดิต,Brake Disc,Brake,Honda,1650.0,เจ้าของรถ,กรุงเทพมหานคร,0,1650.0,0.0,1650.0,Yes,4
ORD00137,2026-01-08,C0079,P006,4,Website,เก็บเงินปลายทาง,Ball Joint,Suspension,Isuzu,1250.0,อู่ซ่อมรถ,ระยอง,10,5000.0,500.0,4500.0,Yes,3
ORD00600,2026-01-08,C0010,P002,1,Facebook,บัตรเครดิต,Brake Disc,Brake,Honda,1650.0,ศูนย์บริการ,ภูเก็ต,10,1650.0,165.0,1485.0,Yes,5
ORD00562,2026-01-08,C0178,P018,2,Website,โอนเงิน,Fuel Pump,Engine,Toyota,2700.0,เจ้าของรถ,เชียงใหม่,10,5400.0,540.0,4860.0,Yes,3
ORD01334,2026-01-08,C0031,P002,4,Mobile App,PromptPay,Brake Disc,Brake,Honda,1650.0,อู่ซ่อมรถ,ระยอง,10,6600.0,660.0,5940.0,Yes,4
ORD00013,2026-01-08,C0035,P017,2,Website,บัตรเครดิต,Wheel Bearing,Suspension,Honda,1450.0,เจ้าของรถ,ฉะเชิงเทรา,5,2900.0,145.0,2755.0,Yes,5
ORD01773,2026-01-08,C0036,P019,4,Website,PromptPay,Headlight,Electrical,Isuzu,1800.0,เจ้าของรถ,ฉะเชิงเทรา,0,7200.0,0.0,7200.0,Yes,4
ORD00344,2026-01-08,C0159,P003,1,Mobile App,โอนเงิน,Car Battery,Electrical,Toyota,2800.0,เจ้าของรถ,เชียงใหม่,0,2800.0,0.0,2800.0,Yes,4
ORD00813,2026-01-08,C0183,P007,4,Facebook,โอนเงิน,Shock Absorber,Suspension,Toyota,2200.0,ร้านอะไหล่,กรุงเทพมหานคร,10,8800.0,880.0,7920.0,Yes,4
ORD00071,2026-01-09,C0203,P019,1,Website,โอนเงิน,Headlight,Electrical,Isuzu,1800.0,เจ้าของรถ,ชลบุรี,0,1800.0,0.0,1800.0,Yes,4
ORD00595,2026-01-09,C0152,P017,1,Line OA,PromptPay,Wheel Bearing,Suspension,Honda,1450.0,เจ้าของรถ,นครราชสีมา,0,1450.0,0.0,1450.0,Yes,3
ORD00485,2026-01-09,C0065,P004,2,Mobile App,เก็บเงินปลายทาง,Air Filter,Engine,Toyota,450.0,เจ้าของรถ,ระยอง,0,900.0,0.0,900.0,Yes,5
ORD01239,2026-01-09,C0060,P007,4,Facebook,โอนเงิน,Shock Absorber,Suspension,Toyota,2200.0,อู่ซ่อมรถ,นครราชสีมา,0,8800.0,0.0,8800.0,No,4
ORD00399,2026-01-09,C0120,P002,3,Website,โอนเงิน,Brake Disc,Brake,Honda,1650.0,เจ้าของรถ,ภูเก็ต,0,4950.0,0.0,4950.0,No,4
ORD00321,2026-01-09,C0158,P008,1,Mobile App,บัตรเครดิต,Radiator,Cooling,Isuzu,3500.0,อู่ซ่อมรถ,นครราชสีมา,15,3500.0,525.0,2975.0,Yes,4
ORD01399,2026-01-09,C0082,P018,2,Facebook,PromptPay,Fuel Pump,Engine,Toyota,2700.0,เจ้าของรถ,ขอนแก่น,10,5400.0,540.0,4860.0,No,5
ORD01408,2026-01-09,C0108,P005,3,Facebook,บัตรเครดิต,Spark Plug,Engine,Honda,320.0,เจ้าของรถ,กรุงเทพมหานคร,15,960.0,144.0,816.0,Yes,4
ORD01439,2026-01-09,C0083,P012,1,Mobile App,โอนเงิน,Oil Filter,Engine,Nissan,250.0,ร้านอะไหล่,กรุงเทพมหานคร,5,250.0,12.5,237.5,Yes,4
ORD00025,2026-01-09,C0141,P019,1,Marketplace,โอนเงิน,Headlight,Electrical,Isuzu,1800.0,เจ้าของรถ,ขอนแก่น,0,1800.0,0.0,1800.0,Yes,3
ORD01581,2026-01-09,C0031,P017,1,Mobile App,โอนเงิน,Wheel Bearing,Suspension,Honda,1450.0,อู่ซ่อมรถ,ระยอง,15,1450.0,217.5,1232.5,Yes,5
ORD01618,2026-01-10,C0147,P015,1,Website,โอนเงิน,Radiator Hose,Cooling,Honda,650.0,ศูนย์บริการ,กรุงเทพมหานคร,5,650.0,32.5,617.5,Yes,5
ORD00470,2026-01-10,C0104,P011,1,Mobile App,เก็บเงินปลายทาง,Brake Fluid,Brake,Nissan,280.0,เจ้าของรถ,ภูเก็ต,5,280.0,14.0,266.0,Yes,5
ORD00789,2026-01-10,C0143,P012,1,Mobile App,บัตรเครดิต,Oil Filter,Engine,Nissan,250.0,เจ้าของรถ,กรุงเทพมหานคร,0,250.0,0.0,250.0,Yes,4
ORD00784,2026-01-10,C0034,P016,2,Website,โอนเงิน,AC Filter,AC,Toyota,380.0,อู่ซ่อมรถ,นครราชสีมา,15,760.0,114.0,646.0,Yes,3
ORD00204,2026-01-10,C0045,P013,2,Marketplace,โอนเงิน,Alternator,Electrical,Toyota,4800.0,เจ้าของรถ,เชียงใหม่,0,9600.0,0.0,9600.0,Yes,4
ORD01550,2026-01-10,C0214,P019,3,Facebook,บัตรเครดิต,Headlight,Electrical,Isuzu,1800.0,เจ้าของรถ,กรุงเทพมหานคร,0,5400.0,0.0,5400.0,Yes,4
ORD00080,2026-01-10,C0174,P002,2,Mobile App,บัตรเครดิต,Brake Disc,Brake,Honda,1650.0,อู่ซ่อมรถ,ขอนแก่น,5,3300.0,165.0,3135.0,Yes,5
ORD00987,2026-01-10,C0017,P015,3,Mobile App,PromptPay,Radiator Hose,Cooling,Honda,650.0,เจ้าของรถ,เชียงใหม่,15,1950.0,292.5,1657.5,Yes,4
ORD00353,2026-01-11,C0178,P002,4,Line OA,PromptPay,Brake Disc,Brake,Honda,1650.0,เจ้าของรถ,เชียงใหม่,10,6600.0,660.0,5940.0,No,4
ORD01800,2026-01-11,C0189,P017,1,Marketplace,โอนเงิน,Wheel Bearing,Suspension,Honda,1450.0,เจ้าของรถ,ชลบุรี,5,1450.0,72.5,1377.5,No,5
ORD01641,2026-01-11,C0164,P004,4,Mobile App,โอนเงิน,Air Filter,Engine,Toyota,450.0,ศูนย์บริการ,นครราชสีมา,15,1800.0,270.0,1530.0,Yes,3
ORD01200,2026-01-11,C0208,P014,1,Website,PromptPay,Clutch Set,Engine,Isuzu,3900.0,ศูนย์บริการ,ฉะเชิงเทรา,15,3900.0,585.0,3315.0,Yes,4
ORD00116,2026-01-11,C0074,P013,1,Website,โอนเงิน,Alternator,Electrical,Toyota,4800.0,อู่ซ่อมรถ,กรุงเทพมหานคร,0,4800.0,0.0,4800.0,Yes,4
ORD00594,2026-01-12,C0181,P015,1,Mobile App,PromptPay,Radiator Hose,Cooling,Honda,650.0,เจ้าของรถ,ฉะเชิงเทรา,10,650.0,65.0,585.0,Yes,5
ORD01523,2026-01-12,C0233,P008,1,Facebook,บัตรเครดิต,Radiator,Cooling,Isuzu,3500.0,เจ้าของรถ,กรุงเทพมหานคร,15,3500.0,525.0,2975.0,No,4
ORD01737,2026-01-12,C0097,P012,4,Mobile App,เก็บเงินปลายทาง,Oil Filter,Engine,Nissan,250.0,เจ้าของรถ,ขอนแก่น,0,1000.0,0.0,1000.0,Yes,4
ORD01364,2026-01-12,C0215,P010,4,Marketplace,PromptPay,AC Compressor,AC,Toyota,5800.0,เจ้าของรถ,เชียงใหม่,5,23200.0,1160.0,22040.0,No,4
ORD01457,2026-01-13,C0037,P010,2,Website,เก็บเงินปลายทาง,AC Compressor,AC,Toyota,5800.0,เจ้าของรถ,ระยอง,10,11600.0,1160.0,10440.0,Yes,5
ORD01636,2026-01-13,C0006,P009,2,Website,โอนเงิน,Starter Motor,Electrical,Honda,4200.0,เจ้าของรถ,กรุงเทพมหานคร,10,8400.0,840.0,7560.0,Yes,4
ORD01430,2026-01-13,C0208,P010,2,Website,PromptPay,AC Compressor,AC,Toyota,5800.0,ศูนย์บริการ,ฉะเชิงเทรา,10,11600.0,1160.0,10440.0,Yes,3
ORD01174,2026-01-13,C0150,P002,3,Mobile App,บัตรเครดิต,Brake Disc,Brake,Honda,1650.0,เจ้าของรถ,ฉะเชิงเทรา,0,4950.0,0.0,4950.0,Yes,5
ORD00418,2026-01-13,C0070,P009,2,Mobile App,PromptPay,Starter Motor,Electrical,Honda,4200.0,อู่ซ่อมรถ,ภูเก็ต,15,8400.0,1260.0,7140.0,Yes,4
ORD00740,2026-01-13,C0235,P004,4,Website,โอนเงิน,Air Filter,Engine,Toyota,450.0,เจ้าของรถ,เชียงใหม่,5,1800.0,90.0,1710.0,Yes,5
ORD01599,2026-01-13,C0040,P012,3,Mobile App,เก็บเงินปลายทาง,Oil Filter,Engine,Nissan,250.0,ร้านอะไหล่,ภูเก็ต,10,750.0,75.0,675.0,Yes,4
ORD00989,2026-01-14,C0105,P012,2,Website,โอนเงิน,Oil Filter,Engine,Nissan,250.0,อู่ซ่อมรถ,เชียงใหม่,15,500.0,75.0,425.0,No,3
ORD01201,2026-01-14,C0137,P008,3,Line OA,PromptPay,Radiator,Cooling,Isuzu,3500.0,ร้านอะไหล่,นครราชสีมา,0,10500.0,0.0,10500.0,Yes,5
ORD01688,2026-01-14,C0091,P009,1,Mobile App,บัตรเครดิต,Starter Motor,Electrical,Honda,4200.0,เจ้าของรถ,ชลบุรี,0,4200.0,0.0,4200.0,No,5
ORD00785,2026-01-14,C0055,P018,4,Mobile App,โอนเงิน,Fuel Pump,Engine,Toyota,2700.0,อู่ซ่อมรถ,เชียงใหม่,15,10800.0,1620.0,9180.0,No,5
ORD00711,2026-01-14,C0140,P008,1,Mobile App,บัตรเครดิต,Radiator,Cooling,Isuzu,3500.0,เจ้าของรถ,ระยอง,15,3500.0,525.0,2975.0,Yes,4
ORD00647,2026-01-14,C0191,P016,1,Mobile App,เก็บเงินปลายทาง,AC Filter,AC,Toyota,380.0,เจ้าของรถ,เชียงใหม่,0,380.0,0.0,380.0,Yes,5
ORD00635,2026-01-14,C0014,P004,1,Marketplace,เก็บเงินปลายทาง,Air Filter,Engine,Toyota,450.0,เจ้าของรถ,นครราชสีมา,5,450.0,22.5,427.5,Yes,5
ORD00627,2026-01-14,C0079,P005,1,Line OA,โอนเงิน,Spark Plug,Engine,Honda,320.0,อู่ซ่อมรถ,ระยอง,10,320.0,32.0,288.0,No,4
ORD00900,2026-01-14,C0093,P019,2,Website,PromptPay,Headlight,Electrical,Isuzu,1800.0,อู่ซ่อมรถ,กรุงเทพมหานคร,10,3600.0,360.0,3240.0,Yes,4
ORD00735,2026-01-15,C0033,P015,1,Website,เก็บเงินปลายทาง,Radiator Hose,Cooling,Honda,650.0,อู่ซ่อมรถ,นครราชสีมา,5,650.0,32.5,617.5,Yes,5
ORD00566,2026-01-15,C0203,P009,1,Line OA,เก็บเงินปลายทาง,Starter Motor,Electrical,Honda,4200.0,เจ้าของรถ,ชลบุรี,0,4200.0,0.0,4200.0,No,4
ORD00088,2026-01-15,C0118,P005,2,Mobile App,โอนเงิน,Spark Plug,Engine,Honda,320.0,เจ้าของรถ,ฉะเชิงเทรา,10,640.0,64.0,576.0,Yes,4
ORD00531,2026-01-15,C0047,P013,2,Website,โอนเงิน,Alternator,Electrical,Toyota,4800.0,อู่ซ่อมรถ,ระยอง,0,9600.0,0.0,9600.0,Yes,4
ORD01723,2026-01-15,C0187,P007,1,Website,เก็บเงินปลายทาง,Shock Absorber,Suspension,Toyota,2200.0,เจ้าของรถ,ภูเก็ต,15,2200.0,330.0,1870.0,No,4
ORD00180,2026-01-15,C0072,P020,2,Website,เก็บเงินปลายทาง,Wiper Blade,Exterior,Nissan,420.0,เจ้าของรถ,ภูเก็ต,15,840.0,126.0,714.0,Yes,3
ORD01183,2026-01-15,C0157,P004,4,Line OA,เก็บเงินปลายทาง,Air Filter,Engine,Toyota,450.0,เจ้าของรถ,ภูเก็ต,0,1800.0,0.0,1800.0,Yes,5
ORD01787,2026-01-15,C0224,P014,1,Marketplace,เก็บเงินปลายทาง,Clutch Set,Engine,Isuzu,3900.0,เจ้าของรถ,ฉะเชิงเทรา,10,3900.0,390.0,3510.0,Yes,4
ORD00053,2026-01-15,C0169,P010,1,Mobile App,PromptPay,AC Compressor,AC,Toyota,5800.0,เจ้าของรถ,ชลบุรี,10,5800.0,580.0,5220.0,No,4
ORD00774,2026-01-16,C0064,P011,3,Facebook,บัตรเครดิต,Brake Fluid,Brake,Nissan,280.0,อู่ซ่อมรถ,เชียงใหม่,0,840.0,0.0,840.0,No,4
ORD00806,2026-01-16,C0161,P009,2,Marketplace,เก็บเงินปลายทาง,Starter Motor,Electrical,Honda,4200.0,เจ้าของรถ,ชลบุรี,5,8400.0,420.0,7980.0,No,5
ORD00354,2026-01-16,C0235,P012,1,Facebook,เก็บเงินปลายทาง,Oil Filter,Engine,Nissan,250.0,เจ้าของรถ,เชียงใหม่,15,250.0,37.5,212.5,No,4
ORD00610,2026-01-16,C0068,P013,3,Mobile App,โอนเงิน,Alternator,Electrical,Toyota,4800.0,อู่ซ่อมรถ,ขอนแก่น,5,14400.0,720.0,13680.0,No,4
ORD01283,2026-01-16,C0194,P002,1,Marketplace,บัตรเครดิต,Brake Disc,Brake,Honda,1650.0,เจ้าของรถ,ขอนแก่น,0,1650.0,0.0,1650.0,Yes,5
ORD01532,2026-01-16,C0060,P017,3,Mobile App,PromptPay,Wheel Bearing,Suspension,Honda,1450.0,อู่ซ่อมรถ,นครราชสีมา,5,4350.0,217.5,4132.5,Yes,5
ORD01791,2026-01-16,C0124,P020,1,Website,เก็บเงินปลายทาง,Wiper Blade,Exterior,Nissan,420.0,ร้านอะไหล่,ฉะเชิงเทรา,15,420.0,63.0,357.0,No,5
ORD00873,2026-01-16,C0124,P016,3,Line OA,เก็บเงินปลายทาง,AC Filter,AC,Toyota,380.0,ร้านอะไหล่,ฉะเชิงเทรา,5,1140.0,57.0,1083.0,Yes,4
ORD00158,2026-01-17,C0003,P019,1,Website,โอนเงิน,Headlight,Electrical,Isuzu,1800.0,เจ้าของรถ,ระยอง,0,1800.0,0.0,1800.0,Yes,5
ORD00624,2026-01-17,C0072,P001,2,Marketplace,โอนเงิน,Brake Pad,Brake,Toyota,850.0,เจ้าของรถ,ภูเก็ต,5,1700.0,85.0,1615.0,Yes,4
ORD01121,2026-01-17,C0204,P017,1,Line OA,PromptPay,Wheel Bearing,Suspension,Honda,1450.0,อู่ซ่อมรถ,ขอนแก่น,5,1450.0,72.5,1377.5,No,4
ORD00532,2026-01-17,C0067,P019,4,Facebook,PromptPay,Headlight,Electrical,Isuzu,1800.0,เจ้าของรถ,ฉะเชิงเทรา,0,7200.0,0.0,7200.0,Yes,5
ORD00737,2026-01-18,C0213,P011,1,Website,PromptPay,Brake Fluid,Brake,Nissan,280.0,เจ้าของรถ,ภูเก็ต,0,280.0,0.0,280.0,Yes,4
ORD00997,2026-01-18,C0075,P017,2,Line OA,PromptPay,Wheel Bearing,Suspension,Honda,1450.0,เจ้าของรถ,ระยอง,15,2900.0,435.0,2465.0,No,4
ORD00902,2026-01-18,C0118,P016,4,Line OA,โอนเงิน,AC Filter,AC,Toyota,380.0,เจ้าของรถ,ฉะเชิงเทรา,5,1520.0,76.0,1444.0,No,4
ORD00860,2026-01-18,C0227,P007,3,Website,เก็บเงินปลายทาง,Shock Absorber,Suspension,Toyota,2200.0,เจ้าของรถ,เชียงใหม่,10,6600.0,660.0,5940.0,Yes,5
ORD01212,2026-01-18,C0244,P014,4,Facebook,บัตรเครดิต,Clutch Set,Engine,Isuzu,3900.0,เจ้าของรถ,ชลบุรี,0,15600.0,0.0,15600.0,No,5
ORD00702,2026-01-18,C0173,P015,2,Marketplace,โอนเงิน,Radiator Hose,Cooling,Honda,650.0,อู่ซ่อมรถ,เชียงใหม่,0,1300.0,0.0,1300.0,Yes,5
ORD01230,2026-01-18,C0061,P011,2,Website,PromptPay,Brake Fluid,Brake,Nissan,280.0,เจ้าของรถ,กรุงเทพมหานคร,0,560.0,0.0,560.0,Yes,4
ORD00142,2026-01-18,C0219,P009,1,Marketplace,เก็บเงินปลายทาง,Starter Motor,Electrical,Honda,4200.0,เจ้าของรถ,ขอนแก่น,0,4200.0,0.0,4200.0,Yes,5
ORD01783,2026-01-18,C0158,P019,2,Line OA,PromptPay,Headlight,Electrical,Isuzu,1800.0,อู่ซ่อมรถ,นครราชสีมา,5,3600.0,180.0,3420.0,No,4
ORD00921,2026-01-18,C0101,P009,1,Website,โอนเงิน,Starter Motor,Electrical,Honda,4200.0,เจ้าของรถ,ฉะเชิงเทรา,0,4200.0,0.0,4200.0,No,3
ORD01499,2026-01-18,C0118,P010,3,Mobile App,โอนเงิน,AC Compressor,AC,Toyota,5800.0,เจ้าของรถ,ฉะเชิงเทรา,15,17400.0,2610.0,14790.0,No,5
ORD01173,2026-01-19,C0168,P002,1,Facebook,PromptPay,Brake Disc,Brake,Honda,1650.0,เจ้าของรถ,ระยอง,15,1650.0,247.5,1402.5,Yes,5
ORD01109,2026-01-19,C0003,P017,2,Facebook,บัตรเครดิต,Wheel Bearing,Suspension,Honda,1450.0,เจ้าของรถ,ระยอง,0,2900.0,0.0,2900.0,Yes,5
ORD00123,2026-01-19,C0213,P020,1,Mobile App,เก็บเงินปลายทาง,Wiper Blade,Exterior,Nissan,420.0,เจ้าของรถ,ภูเก็ต,5,420.0,21.0,399.0,No,4
ORD00917,2026-01-19,C0111,P001,1,Website,เก็บเงินปลายทาง,Brake Pad,Brake,Toyota,850.0,ร้านอะไหล่,ขอนแก่น,15,850.0,127.5,722.5,No,5
ORD00611,2026-01-19,C0124,P007,2,Website,โอนเงิน,Shock Absorber,Suspension,Toyota,2200.0,ร้านอะไหล่,ฉะเชิงเทรา,10,4400.0,440.0,3960.0,No,3
ORD00666,2026-01-20,C0004,P020,2,Marketplace,บัตรเครดิต,Wiper Blade,Exterior,Nissan,420.0,อู่ซ่อมรถ,ขอนแก่น,0,840.0,0.0,840.0,Yes,3
ORD00800,2026-01-20,C0152,P001,1,Website,เก็บเงินปลายทาง,Brake Pad,Brake,Toyota,850.0,เจ้าของรถ,นครราชสีมา,15,850.0,127.5,722.5,No,4
ORD01665,2026-01-20,C0111,P013,4,Mobile App,PromptPay,Alternator,Electrical,Toyota,4800.0,ร้านอะไหล่,ขอนแก่น,0,19200.0,0.0,19200.0,No,3
ORD01036,2026-01-20,C0171,P004,4,Website,PromptPay,Air Filter,Engine,Toyota,450.0,ร้านอะไหล่,ภูเก็ต,15,1800.0,270.0,1530.0,No,4
ORD01267,2026-01-20,C0059,P008,1,Facebook,PromptPay,Radiator,Cooling,Isuzu,3500.0,เจ้าของรถ,นครราชสีมา,5,3500.0,175.0,3325.0,No,3
ORD00604,2026-01-20,C0060,P011,1,Mobile App,เก็บเงินปลายทาง,Brake Fluid,Brake,Nissan,280.0,อู่ซ่อมรถ,นครราชสีมา,10,280.0,28.0,252.0,Yes,4
ORD01049,2026-01-20,C0020,P020,4,Website,เก็บเงินปลายทาง,Wiper Blade,Exterior,Nissan,420.0,ศูนย์บริการ,นครราชสีมา,10,1680.0,168.0,1512.0,Yes,5
ORD00051,2026-01-21,C0124,P019,2,Line OA,บัตรเครดิต,Headlight,Electrical,Isuzu,1800.0,ร้านอะไหล่,ฉะเชิงเทรา,15,3600.0,540.0,3060.0,No,5
ORD01767,2026-01-21,C0225,P003,2,Website,โอนเงิน,Car Battery,Electrical,Toyota,2800.0,เจ้าของรถ,นครราชสีมา,15,5600.0,840.0,4760.0,No,4
ORD01696,2026-01-21,C0064,P008,2,Marketplace,โอนเงิน,Radiator,Cooling,Isuzu,3500.0,อู่ซ่อมรถ,เชียงใหม่,15,7000.0,1050.0,5950.0,No,4
ORD00271,2026-01-21,C0035,P003,4,Mobile App,เก็บเงินปลายทาง,Car Battery,Electrical,Toyota,2800.0,เจ้าของรถ,ฉะเชิงเทรา,10,11200.0,1120.0,10080.0,No,3
ORD00853,2026-01-21,C0104,P003,3,Line OA,โอนเงิน,Car Battery,Electrical,Toyota,2800.0,เจ้าของรถ,ภูเก็ต,0,8400.0,0.0,8400.0,Yes,5
ORD01564,2026-01-21,C0062,P003,2,Marketplace,เก็บเงินปลายทาง,Car Battery,Electrical,Toyota,2800.0,เจ้าของรถ,ภูเก็ต,5,5600.0,280.0,5320.0,Yes,4
ORD01215,2026-01-21,C0150,P017,4,Marketplace,PromptPay,Wheel Bearing,Suspension,Honda,1450.0,เจ้าของรถ,ฉะเชิงเทรา,5,5800.0,290.0,5510.0,Yes,4
ORD00243,2026-01-22,C0188,P014,1,Website,โอนเงิน,Clutch Set,Engine,Isuzu,3900.0,เจ้าของรถ,ชลบุรี,0,3900.0,0.0,3900.0,Yes,4
ORD00327,2026-01-22,C0158,P003,1,Facebook,โอนเงิน,Car Battery,Electrical,Toyota,2800.0,อู่ซ่อมรถ,นครราชสีมา,0,2800.0,0.0,2800.0,Yes,5
ORD00475,2026-01-22,C0152,P009,3,Mobile App,บัตรเครดิต,Starter Motor,Electrical,Honda,4200.0,เจ้าของรถ,นครราชสีมา,0,12600.0,0.0,12600.0,No,4
ORD00343,2026-01-22,C0245,P013,1,Mobile App,โอนเงิน,Alternator,Electrical,Toyota,4800.0,เจ้าของรถ,เชียงใหม่,15,4800.0,720.0,4080.0,Yes,5
ORD01323,2026-01-22,C0079,P007,1,Website,PromptPay,Shock Absorber,Suspension,Toyota,2200.0,อู่ซ่อมรถ,ระยอง,0,2200.0,0.0,2200.0,Yes,4
ORD01769,2026-01-22,C0087,P004,2,Website,เก็บเงินปลายทาง,Air Filter,Engine,Toyota,450.0,ร้านอะไหล่,กรุงเทพมหานคร,10,900.0,90.0,810.0,Yes,4
ORD00465,2026-01-22,C0080,P010,3,Line OA,เก็บเงินปลายทาง,AC Compressor,AC,Toyota,5800.0,เจ้าของรถ,ขอนแก่น,0,17400.0,0.0,17400.0,Yes,4
ORD00161,2026-01-23,C0115,P005,3,Website,บัตรเครดิต,Spark Plug,Engine,Honda,320.0,ร้านอะไหล่,ขอนแก่น,10,960.0,96.0,864.0,No,3
ORD01085,2026-01-23,C0108,P002,4,Website,โอนเงิน,Brake Disc,Brake,Honda,1650.0,เจ้าของรถ,กรุงเทพมหานคร,0,6600.0,0.0,6600.0,No,4
ORD00683,2026-01-23,C0223,P004,1,Website,เก็บเงินปลายทาง,Air Filter,Engine,Toyota,450.0,เจ้าของรถ,เชียงใหม่,5,450.0,22.5,427.5,Yes,4
ORD01700,2026-01-23,C0114,P020,1,Facebook,เก็บเงินปลายทาง,Wiper Blade,Exterior,Nissan,420.0,ร้านอะไหล่,กรุงเทพมหานคร,0,420.0,0.0,420.0,Yes,4
ORD01539,2026-01-23,C0165,P011,1,Mobile App,PromptPay,Brake Fluid,Brake,Nissan,280.0,ศูนย์บริการ,ภูเก็ต,15,280.0,42.0,238.0,Yes,3
ORD01146,2026-01-23,C0076,P012,3,Facebook,PromptPay,Oil Filter,Engine,Nissan,250.0,เจ้าของรถ,นครราชสีมา,10,750.0,75.0,675.0,No,4
ORD00212,2026-01-24,C0010,P020,1,Marketplace,เก็บเงินปลายทาง,Wiper Blade,Exterior,Nissan,420.0,ศูนย์บริการ,ภูเก็ต,0,420.0,0.0,420.0,No,3
ORD01176,2026-01-24,C0122,P010,2,Marketplace,โอนเงิน,AC Compressor,AC,Toyota,5800.0,เจ้าของรถ,ภูเก็ต,0,11600.0,0.0,11600.0,Yes,3
ORD01081,2026-01-24,C0172,P008,1,Website,เก็บเงินปลายทาง,Radiator,Cooling,Isuzu,3500.0,เจ้าของรถ,ระยอง,10,3500.0,350.0,3150.0,No,5
ORD00079,2026-01-24,C0118,P003,4,Facebook,โอนเงิน,Car Battery,Electrical,Toyota,2800.0,เจ้าของรถ,ฉะเชิงเทรา,0,11200.0,0.0,11200.0,Yes,4
ORD01653,2026-01-24,C0121,P007,2,Mobile App,เก็บเงินปลายทาง,Shock Absorber,Suspension,Toyota,2200.0,เจ้าของรถ,กรุงเทพมหานคร,5,4400.0,220.0,4180.0,Yes,5
ORD01003,2026-01-25,C0047,P002,2,Line OA,PromptPay,Brake Disc,Brake,Honda,1650.0,อู่ซ่อมรถ,ระยอง,10,3300.0,330.0,2970.0,Yes,5
ORD00468,2026-01-25,C0229,P020,1,Website,เก็บเงินปลายทาง,Wiper Blade,Exterior,Nissan,420.0,เจ้าของรถ,กรุงเทพมหานคร,0,420.0,0.0,420.0,No,4
ORD01209,2026-01-25,C0144,P018,1,Marketplace,โอนเงิน,Fuel Pump,Engine,Toyota,2700.0,ร้านอะไหล่,ขอนแก่น,0,2700.0,0.0,2700.0,Yes,4
ORD01656,2026-01-26,C0022,P018,1,Mobile App,บัตรเครดิต,Fuel Pump,Engine,Toyota,2700.0,เจ้าของรถ,กรุงเทพมหานคร,15,2700.0,405.0,2295.0,No,5
ORD00898,2026-01-26,C0053,P009,4,Line OA,โอนเงิน,Starter Motor,Electrical,Honda,4200.0,ร้านอะไหล่,นครราชสีมา,0,16800.0,0.0,16800.0,No,4
ORD00405,2026-01-26,C0162,P011,2,Website,บัตรเครดิต,Brake Fluid,Brake,Nissan,280.0,อู่ซ่อมรถ,นครราชสีมา,5,560.0,28.0,532.0,Yes,5
ORD01644,2026-01-26,C0226,P010,3,Mobile App,เก็บเงินปลายทาง,AC Compressor,AC,Toyota,5800.0,เจ้าของรถ,ระยอง,10,17400.0,1740.0,15660.0,Yes,4
ORD01597,2026-01-26,C0201,P009,2,Website,เก็บเงินปลายทาง,Starter Motor,Electrical,Honda,4200.0,เจ้าของรถ,ขอนแก่น,5,8400.0,420.0,7980.0,Yes,5
ORD01735,2026-01-27,C0119,P019,3,Facebook,โอนเงิน,Headlight,Electrical,Isuzu,1800.0,เจ้าของรถ,เชียงใหม่,15,5400.0,810.0,4590.0,Yes,5
ORD00630,2026-01-27,C0224,P001,1,Website,PromptPay,Brake Pad,Brake,Toyota,850.0,เจ้าของรถ,ฉะเชิงเทรา,15,850.0,127.5,722.5,Yes,4
ORD01002,2026-01-27,C0001,P017,1,Marketplace,บัตรเครดิต,Wheel Bearing,Suspension,Honda,1450.0,ร้านอะไหล่,ฉะเชิงเทรา,0,1450.0,0.0,1450.0,Yes,5
ORD00928,2026-01-28,C0211,P009,1,Line OA,PromptPay,Starter Motor,Electrical,Honda,4200.0,ร้านอะไหล่,ขอนแก่น,0,4200.0,0.0,4200.0,Yes,3
ORD00864,2026-01-28,C0013,P018,4,Mobile App,เก็บเงินปลายทาง,Fuel Pump,Engine,Toyota,2700.0,เจ้าของรถ,ภูเก็ต,0,10800.0,0.0,10800.0,Yes,5
ORD01092,2026-01-28,C0053,P004,2,Line OA,PromptPay,Air Filter,Engine,Toyota,450.0,ร้านอะไหล่,นครราชสีมา,10,900.0,90.0,810.0,Yes,3
ORD01032,2026-01-28,C0158,P007,2,Facebook,เก็บเงินปลายทาง,Shock Absorber,Suspension,Toyota,2200.0,อู่ซ่อมรถ,นครราชสีมา,10,4400.0,440.0,3960.0,No,3
ORD00240,2026-01-28,C0158,P009,1,Line OA,โอนเงิน,Starter Motor,Electrical,Honda,4200.0,อู่ซ่อมรถ,นครราชสีมา,0,4200.0,0.0,4200.0,Yes,3
ORD00976,2026-01-28,C0210,P003,2,Website,PromptPay,Car Battery,Electrical,Toyota,2800.0,ร้านอะไหล่,ฉะเชิงเทรา,0,5600.0,0.0,5600.0,No,5
ORD01507,2026-01-28,C0127,P012,4,Website,เก็บเงินปลายทาง,Oil Filter,Engine,Nissan,250.0,เจ้าของรถ,ภูเก็ต,5,1000.0,50.0,950.0,No,5
ORD01790,2026-01-28,C0076,P011,2,Mobile App,เก็บเงินปลายทาง,Brake Fluid,Brake,Nissan,280.0,เจ้าของรถ,นครราชสีมา,5,560.0,28.0,532.0,Yes,4
ORD01387,2026-01-28,C0107,P018,2,Website,เก็บเงินปลายทาง,Fuel Pump,Engine,Toyota,2700.0,เจ้าของรถ,เชียงใหม่,5,5400.0,270.0,5130.0,No,3
ORD01208,2026-01-29,C0208,P020,1,Mobile App,โอนเงิน,Wiper Blade,Exterior,Nissan,420.0,ศูนย์บริการ,ฉะเชิงเทรา,15,420.0,63.0,357.0,No,5
ORD01281,2026-01-29,C0073,P002,2,Mobile App,บัตรเครดิต,Brake Disc,Brake,Honda,1650.0,ศูนย์บริการ,ชลบุรี,15,3300.0,495.0,2805.0,Yes,5
ORD00986,2026-01-29,C0149,P006,1,Mobile App,โอนเงิน,Ball Joint,Suspension,Isuzu,1250.0,เจ้าของรถ,เชียงใหม่,0,1250.0,0.0,1250.0,Yes,4
ORD00267,2026-01-29,C0134,P015,1,Website,เก็บเงินปลายทาง,Radiator Hose,Cooling,Honda,650.0,เจ้าของรถ,ขอนแก่น,15,650.0,97.5,552.5,Yes,4
ORD00890,2026-01-29,C0226,P010,2,Website,เก็บเงินปลายทาง,AC Compressor,AC,Toyota,5800.0,เจ้าของรถ,ระยอง,5,11600.0,580.0,11020.0,Yes,4
ORD00517,2026-01-29,C0094,P001,1,Website,โอนเงิน,Brake Pad,Brake,Toyota,850.0,เจ้าของรถ,ภูเก็ต,0,850.0,0.0,850.0,Yes,3
ORD00216,2026-01-29,C0129,P009,1,Facebook,เก็บเงินปลายทาง,Starter Motor,Electrical,Honda,4200.0,เจ้าของรถ,นครราชสีมา,5,4200.0,210.0,3990.0,No,4
ORD01065,2026-01-30,C0228,P019,4,Line OA,เก็บเงินปลายทาง,Headlight,Electrical,Isuzu,1800.0,ร้านอะไหล่,ภูเก็ต,10,7200.0,720.0,6480.0,Yes,5
ORD01616,2026-01-30,C0023,P015,4,Mobile App,เก็บเงินปลายทาง,Radiator Hose,Cooling,Honda,650.0,เจ้าของรถ,นครราชสีมา,0,2600.0,0.0,2600.0,Yes,5
ORD01657,2026-01-30,C0177,P001,2,Mobile App,บัตรเครดิต,Brake Pad,Brake,Toyota,850.0,เจ้าของรถ,ชลบุรี,5,1700.0,85.0,1615.0,Yes,3
ORD00626,2026-01-30,C0087,P020,1,Website,บัตรเครดิต,Wiper Blade,Exterior,Nissan,420.0,ร้านอะไหล่,กรุงเทพมหานคร,15,420.0,63.0,357.0,Yes,5
ORD00263,2026-01-30,C0231,P017,2,Marketplace,PromptPay,Wheel Bearing,Suspension,Honda,1450.0,อู่ซ่อมรถ,ชลบุรี,10,2900.0,290.0,2610.0,Yes,5
ORD00825,2026-01-30,C0063,P013,1,Mobile App,โอนเงิน,Alternator,Electrical,Toyota,4800.0,อู่ซ่อมรถ,ชลบุรี,0,4800.0,0.0,4800.0,Yes,4
ORD00295,2026-01-30,C0066,P013,2,Website,บัตรเครดิต,Alternator,Electrical,Toyota,4800.0,เจ้าของรถ,ชลบุรี,0,9600.0,0.0,9600.0,Yes,3
ORD00023,2026-01-31,C0162,P019,3,Mobile App,บัตรเครดิต,Headlight,Electrical,Isuzu,1800.0,อู่ซ่อมรถ,นครราชสีมา,15,5400.0,810.0,4590.0,Yes,4
ORD01514,2026-01-31,C0124,P006,3,Marketplace,โอนเงิน,Ball Joint,Suspension,Isuzu,1250.0,ร้านอะไหล่,ฉะเชิงเทรา,0,3750.0,0.0,3750.0,Yes,4
ORD01296,2026-01-31,C0076,P001,2,Facebook,เก็บเงินปลายทาง,Brake Pad,Brake,Toyota,850.0,เจ้าของรถ,นครราชสีมา,0,1700.0,0.0,1700.0,Yes,5
ORD00163,2026-01-31,C0128,P009,1,Marketplace,PromptPay,Starter Motor,Electrical,Honda,4200.0,เจ้าของรถ,เชียงใหม่,0,4200.0,0.0,4200.0,No,4
ORD00193,2026-01-31,C0195,P018,4,Mobile App,โอนเงิน,Fuel Pump,Engine,Toyota,2700.0,อู่ซ่อมรถ,ฉะเชิงเทรา,15,10800.0,1620.0,9180.0,Yes,4
ORD00551,2026-01-31,C0067,P013,1,Mobile App,บัตรเครดิต,Alternator,Electrical,Toyota,4800.0,เจ้าของรถ,ฉะเชิงเทรา,0,4800.0,0.0,4800.0,Yes,4
ORD00373,2026-02-01,C0106,P018,1,Facebook,PromptPay,Fuel Pump,Engine,Toyota,2700.0,อู่ซ่อมรถ,ชลบุรี,5,2700.0,135.0,2565.0,No,4
ORD00649,2026-02-01,C0134,P002,2,Line OA,PromptPay,Brake Disc,Brake,Honda,1650.0,เจ้าของรถ,ขอนแก่น,15,3300.0,495.0,2805.0,No,5
ORD00481,2026-02-01,C0178,P006,1,Marketplace,PromptPay,Ball Joint,Suspension,Isuzu,1250.0,เจ้าของรถ,เชียงใหม่,0,1250.0,0.0,1250.0,No,4
ORD01449,2026-02-01,C0101,P004,2,Website,โอนเงิน,Air Filter,Engine,Toyota,450.0,เจ้าของรถ,ฉะเชิงเทรา,15,900.0,135.0,765.0,No,3
ORD01310,2026-02-01,C0120,P013,2,Website,เก็บเงินปลายทาง,Alternator,Electrical,Toyota,4800.0,เจ้าของรถ,ภูเก็ต,0,9600.0,0.0,9600.0,Yes,5
ORD00154,2026-02-01,C0162,P017,4,Marketplace,บัตรเครดิต,Wheel Bearing,Suspension,Honda,1450.0,อู่ซ่อมรถ,นครราชสีมา,10,5800.0,580.0,5220.0,No,3
ORD00206,2026-02-02,C0017,P012,4,Facebook,PromptPay,Oil Filter,Engine,Nissan,250.0,เจ้าของรถ,เชียงใหม่,5,1000.0,50.0,950.0,Yes,4
ORD01284,2026-02-02,C0010,P016,2,Website,โอนเงิน,AC Filter,AC,Toyota,380.0,ศูนย์บริการ,ภูเก็ต,15,760.0,114.0,646.0,Yes,4
ORD01336,2026-02-02,C0161,P008,1,Mobile App,PromptPay,Radiator,Cooling,Isuzu,3500.0,เจ้าของรถ,ชลบุรี,5,3500.0,175.0,3325.0,Yes,3
ORD01340,2026-02-02,C0241,P004,4,Marketplace,เก็บเงินปลายทาง,Air Filter,Engine,Toyota,450.0,เจ้าของรถ,ขอนแก่น,5,1800.0,90.0,1710.0,Yes,4
ORD01054,2026-02-02,C0064,P011,1,Facebook,PromptPay,Brake Fluid,Brake,Nissan,280.0,อู่ซ่อมรถ,เชียงใหม่,10,280.0,28.0,252.0,Yes,5
ORD00907,2026-02-02,C0165,P001,3,Facebook,โอนเงิน,Brake Pad,Brake,Toyota,850.0,ศูนย์บริการ,ภูเก็ต,15,2550.0,382.5,2167.5,No,5
ORD01768,2026-02-03,C0211,P019,3,Website,เก็บเงินปลายทาง,Headlight,Electrical,Isuzu,1800.0,ร้านอะไหล่,ขอนแก่น,5,5400.0,270.0,5130.0,No,4
ORD00897,2026-02-03,C0208,P020,3,Mobile App,โอนเงิน,Wiper Blade,Exterior,Nissan,420.0,ศูนย์บริการ,ฉะเชิงเทรา,0,1260.0,0.0,1260.0,No,5
ORD00970,2026-02-03,C0062,P019,1,Marketplace,บัตรเครดิต,Headlight,Electrical,Isuzu,1800.0,เจ้าของรถ,ภูเก็ต,0,1800.0,0.0,1800.0,Yes,5
ORD01203,2026-02-03,C0160,P004,2,Website,เก็บเงินปลายทาง,Air Filter,Engine,Toyota,450.0,อู่ซ่อมรถ,ชลบุรี,0,900.0,0.0,900.0,Yes,5
ORD01589,2026-02-03,C0222,P019,1,Line OA,บัตรเครดิต,Headlight,Electrical,Isuzu,1800.0,อู่ซ่อมรถ,กรุงเทพมหานคร,0,1800.0,0.0,1800.0,Yes,4
ORD00722,2026-02-03,C0198,P002,2,Website,บัตรเครดิต,Brake Disc,Brake,Honda,1650.0,เจ้าของรถ,ชลบุรี,0,3300.0,0.0,3300.0,Yes,3
ORD00144,2026-02-03,C0236,P017,1,Marketplace,โอนเงิน,Wheel Bearing,Suspension,Honda,1450.0,เจ้าของรถ,เชียงใหม่,0,1450.0,0.0,1450.0,Yes,3
ORD00030,2026-02-04,C0101,P003,3,Marketplace,PromptPay,Car Battery,Electrical,Toyota,2800.0,เจ้าของรถ,ฉะเชิงเทรา,10,8400.0,840.0,7560.0,No,4
ORD01421,2026-02-04,C0070,P005,2,Website,PromptPay,Spark Plug,Engine,Honda,320.0,อู่ซ่อมรถ,ภูเก็ต,0,640.0,0.0,640.0,No,5
ORD01106,2026-02-04,C0207,P017,1,Facebook,โอนเงิน,Wheel Bearing,Suspension,Honda,1450.0,ศูนย์บริการ,กรุงเทพมหานคร,0,1450.0,0.0,1450.0,Yes,5
ORD01396,2026-02-05,C0129,P008,4,Facebook,PromptPay,Radiator,Cooling,Isuzu,3500.0,เจ้าของรถ,นครราชสีมา,0,14000.0,0.0,14000.0,Yes,5
ORD00698,2026-02-05,C0030,P001,4,Mobile App,PromptPay,Brake Pad,Brake,Toyota,850.0,เจ้าของรถ,ภูเก็ต,15,3400.0,510.0,2890.0,No,5
ORD00495,2026-02-05,C0121,P003,1,Marketplace,PromptPay,Car Battery,Electrical,Toyota,2800.0,เจ้าของรถ,กรุงเทพมหานคร,15,2800.0,420.0,2380.0,Yes,5
ORD00804,2026-02-05,C0025,P013,1,Mobile App,บัตรเครดิต,Alternator,Electrical,Toyota,4800.0,เจ้าของรถ,ขอนแก่น,15,4800.0,720.0,4080.0,Yes,3
ORD01214,2026-02-05,C0125,P002,1,Marketplace,PromptPay,Brake Disc,Brake,Honda,1650.0,เจ้าของรถ,ระยอง,0,1650.0,0.0,1650.0,Yes,5
ORD00056,2026-02-06,C0131,P014,1,Mobile App,โอนเงิน,Clutch Set,Engine,Isuzu,3900.0,เจ้าของรถ,ระยอง,0,3900.0,0.0,3900.0,Yes,4
ORD00459,2026-02-06,C0113,P015,1,Website,เก็บเงินปลายทาง,Radiator Hose,Cooling,Honda,650.0,เจ้าของรถ,กรุงเทพมหานคร,0,650.0,0.0,650.0,Yes,5
ORD01326,2026-02-06,C0237,P012,2,Marketplace,บัตรเครดิต,Oil Filter,Engine,Nissan,250.0,ศูนย์บริการ,เชียงใหม่,0,500.0,0.0,500.0,Yes,4
ORD00826,2026-02-06,C0239,P002,1,Facebook,เก็บเงินปลายทาง,Brake Disc,Brake,Honda,1650.0,ศูนย์บริการ,กรุงเทพมหานคร,0,1650.0,0.0,1650.0,No,5
ORD00419,2026-02-06,C0183,P009,3,Website,เก็บเงินปลายทาง,Starter Motor,Electrical,Honda,4200.0,ร้านอะไหล่,กรุงเทพมหานคร,15,12600.0,1890.0,10710.0,No,4
ORD00035,2026-02-06,C0059,P008,3,Facebook,เก็บเงินปลายทาง,Radiator,Cooling,Isuzu,3500.0,เจ้าของรถ,นครราชสีมา,0,10500.0,0.0,10500.0,Yes,5
ORD00770,2026-02-07,C0143,P013,1,Line OA,โอนเงิน,Alternator,Electrical,Toyota,4800.0,เจ้าของรถ,กรุงเทพมหานคร,0,4800.0,0.0,4800.0,No,4
ORD00509,2026-02-07,C0190,P014,2,Mobile App,โอนเงิน,Clutch Set,Engine,Isuzu,3900.0,เจ้าของรถ,นครราชสีมา,5,7800.0,390.0,7410.0,No,5
ORD00952,2026-02-07,C0091,P007,4,Mobile App,บัตรเครดิต,Shock Absorber,Suspension,Toyota,2200.0,เจ้าของรถ,ชลบุรี,5,8800.0,440.0,8360.0,No,4
ORD00001,2026-02-07,C0191,P019,2,Facebook,โอนเงิน,Headlight,Electrical,Isuzu,1800.0,เจ้าของรถ,เชียงใหม่,0,3600.0,0.0,3600.0,Yes,4
ORD01466,2026-02-07,C0070,P012,2,Line OA,บัตรเครดิต,Oil Filter,Engine,Nissan,250.0,อู่ซ่อมรถ,ภูเก็ต,0,500.0,0.0,500.0,Yes,5
ORD01591,2026-02-07,C0080,P004,2,Marketplace,เก็บเงินปลายทาง,Air Filter,Engine,Toyota,450.0,เจ้าของรถ,ขอนแก่น,10,900.0,90.0,810.0,Yes,4
ORD01432,2026-02-07,C0111,P010,2,Marketplace,เก็บเงินปลายทาง,AC Compressor,AC,Toyota,5800.0,ร้านอะไหล่,ขอนแก่น,0,11600.0,0.0,11600.0,Yes,5
ORD00445,2026-02-07,C0065,P016,1,Facebook,โอนเงิน,AC Filter,AC,Toyota,380.0,เจ้าของรถ,ระยอง,0,380.0,0.0,380.0,Yes,5
ORD00434,2026-02-07,C0228,P015,2,Website,PromptPay,Radiator Hose,Cooling,Honda,650.0,ร้านอะไหล่,ภูเก็ต,0,1300.0,0.0,1300.0,Yes,4
ORD00651,2026-02-08,C0032,P002,1,Website,โอนเงิน,Brake Disc,Brake,Honda,1650.0,เจ้าของรถ,กรุงเทพมหานคร,0,1650.0,0.0,1650.0,Yes,5
ORD01410,2026-02-08,C0015,P010,1,Mobile App,PromptPay,AC Compressor,AC,Toyota,5800.0,เจ้าของรถ,ภูเก็ต,0,5800.0,0.0,5800.0,Yes,5
ORD00708,2026-02-08,C0250,P009,2,Line OA,เก็บเงินปลายทาง,Starter Motor,Electrical,Honda,4200.0,อู่ซ่อมรถ,ภูเก็ต,15,8400.0,1260.0,7140.0,No,4
ORD00242,2026-02-08,C0159,P018,1,Marketplace,PromptPay,Fuel Pump,Engine,Toyota,2700.0,เจ้าของรถ,เชียงใหม่,15,2700.0,405.0,2295.0,No,4
ORD01393,2026-02-08,C0088,P016,2,Website,เก็บเงินปลายทาง,AC Filter,AC,Toyota,380.0,เจ้าของรถ,ฉะเชิงเทรา,0,760.0,0.0,760.0,Yes,3
ORD00164,2026-02-08,C0104,P018,4,Mobile App,โอนเงิน,Fuel Pump,Engine,Toyota,2700.0,เจ้าของรถ,ภูเก็ต,0,10800.0,0.0,10800.0,Yes,3
ORD01559,2026-02-08,C0233,P019,4,Line OA,เก็บเงินปลายทาง,Headlight,Electrical,Isuzu,1800.0,เจ้าของรถ,กรุงเทพมหานคร,10,7200.0,720.0,6480.0,Yes,4
ORD01246,2026-02-08,C0053,P020,4,Facebook,บัตรเครดิต,Wiper Blade,Exterior,Nissan,420.0,ร้านอะไหล่,นครราชสีมา,0,1680.0,0.0,1680.0,No,5
ORD01345,2026-02-08,C0118,P013,2,Website,โอนเงิน,Alternator,Electrical,Toyota,4800.0,เจ้าของรถ,ฉะเชิงเทรา,5,9600.0,480.0,9120.0,No,5
ORD01497,2026-02-08,C0003,P006,2,Website,บัตรเครดิต,Ball Joint,Suspension,Isuzu,1250.0,เจ้าของรถ,ระยอง,10,2500.0,250.0,2250.0,No,4
ORD00042,2026-02-08,C0005,P004,2,Mobile App,เก็บเงินปลายทาง,Air Filter,Engine,Toyota,450.0,อู่ซ่อมรถ,ฉะเชิงเทรา,10,900.0,90.0,810.0,Yes,4
ORD00172,2026-02-08,C0091,P009,3,Mobile App,เก็บเงินปลายทาง,Starter Motor,Electrical,Honda,4200.0,เจ้าของรถ,ชลบุรี,0,12600.0,0.0,12600.0,Yes,4
ORD01517,2026-02-09,C0051,P007,1,Website,โอนเงิน,Shock Absorber,Suspension,Toyota,2200.0,เจ้าของรถ,นครราชสีมา,0,2200.0,0.0,2200.0,No,5
ORD00828,2026-02-09,C0141,P015,4,Website,PromptPay,Radiator Hose,Cooling,Honda,650.0,เจ้าของรถ,ขอนแก่น,10,2600.0,260.0,2340.0,No,5
ORD00478,2026-02-09,C0010,P014,4,Line OA,โอนเงิน,Clutch Set,Engine,Isuzu,3900.0,ศูนย์บริการ,ภูเก็ต,10,15600.0,1560.0,14040.0,No,4
ORD00285,2026-02-09,C0077,P005,2,Line OA,PromptPay,Spark Plug,Engine,Honda,320.0,อู่ซ่อมรถ,นครราชสีมา,0,640.0,0.0,640.0,Yes,4
ORD01402,2026-02-09,C0141,P002,2,Website,บัตรเครดิต,Brake Disc,Brake,Honda,1650.0,เจ้าของรถ,ขอนแก่น,5,3300.0,165.0,3135.0,Yes,4
ORD00767,2026-02-09,C0125,P002,3,Mobile App,บัตรเครดิต,Brake Disc,Brake,Honda,1650.0,เจ้าของรถ,ระยอง,0,4950.0,0.0,4950.0,Yes,4
ORD00994,2026-02-09,C0077,P010,4,Line OA,PromptPay,AC Compressor,AC,Toyota,5800.0,อู่ซ่อมรถ,นครราชสีมา,10,23200.0,2320.0,20880.0,No,4
ORD00555,2026-02-09,C0144,P002,3,Facebook,โอนเงิน,Brake Disc,Brake,Honda,1650.0,ร้านอะไหล่,ขอนแก่น,10,4950.0,495.0,4455.0,Yes,4
ORD01643,2026-02-09,C0122,P004,2,Facebook,โอนเงิน,Air Filter,Engine,Toyota,450.0,เจ้าของรถ,ภูเก็ต,15,900.0,135.0,765.0,No,5
ORD00374,2026-02-09,C0036,P015,4,Line OA,โอนเงิน,Radiator Hose,Cooling,Honda,650.0,เจ้าของรถ,ฉะเชิงเทรา,10,2600.0,260.0,2340.0,Yes,5
ORD00331,2026-02-10,C0206,P012,2,Facebook,โอนเงิน,Oil Filter,Engine,Nissan,250.0,อู่ซ่อมรถ,นครราชสีมา,15,500.0,75.0,425.0,Yes,4
ORD00085,2026-02-10,C0010,P017,1,Mobile App,บัตรเครดิต,Wheel Bearing,Suspension,Honda,1450.0,ศูนย์บริการ,ภูเก็ต,15,1450.0,217.5,1232.5,Yes,4
ORD00311,2026-02-10,C0054,P004,1,Facebook,บัตรเครดิต,Air Filter,Engine,Toyota,450.0,เจ้าของรถ,ฉะเชิงเทรา,0,450.0,0.0,450.0,Yes,5
ORD00654,2026-02-10,C0157,P015,1,Mobile App,บัตรเครดิต,Radiator Hose,Cooling,Honda,650.0,เจ้าของรถ,ภูเก็ต,0,650.0,0.0,650.0,Yes,4
ORD00385,2026-02-10,C0152,P012,1,Line OA,PromptPay,Oil Filter,Engine,Nissan,250.0,เจ้าของรถ,นครราชสีมา,0,250.0,0.0,250.0,Yes,4
ORD00410,2026-02-10,C0079,P006,1,Mobile App,PromptPay,Ball Joint,Suspension,Isuzu,1250.0,อู่ซ่อมรถ,ระยอง,0,1250.0,0.0,1250.0,Yes,5
ORD00309,2026-02-10,C0237,P001,4,Facebook,โอนเงิน,Brake Pad,Brake,Toyota,850.0,ศูนย์บริการ,เชียงใหม่,5,3400.0,170.0,3230.0,No,4
ORD00375,2026-02-11,C0032,P008,1,Line OA,PromptPay,Radiator,Cooling,Isuzu,3500.0,เจ้าของรถ,กรุงเทพมหานคร,5,3500.0,175.0,3325.0,Yes,4
ORD00931,2026-02-11,C0199,P010,1,Website,เก็บเงินปลายทาง,AC Compressor,AC,Toyota,5800.0,อู่ซ่อมรถ,กรุงเทพมหานคร,10,5800.0,580.0,5220.0,Yes,4
ORD01593,2026-02-11,C0140,P001,1,Marketplace,PromptPay,Brake Pad,Brake,Toyota,850.0,เจ้าของรถ,ระยอง,0,850.0,0.0,850.0,Yes,4
ORD00772,2026-02-11,C0105,P017,2,Marketplace,เก็บเงินปลายทาง,Wheel Bearing,Suspension,Honda,1450.0,อู่ซ่อมรถ,เชียงใหม่,0,2900.0,0.0,2900.0,Yes,5
ORD00026,2026-02-11,C0225,P012,1,Facebook,บัตรเครดิต,Oil Filter,Engine,Nissan,250.0,เจ้าของรถ,นครราชสีมา,0,250.0,0.0,250.0,Yes,4
ORD01471,2026-02-11,C0044,P011,2,Mobile App,เก็บเงินปลายทาง,Brake Fluid,Brake,Nissan,280.0,เจ้าของรถ,กรุงเทพมหานคร,0,560.0,0.0,560.0,Yes,4
ORD01649,2026-02-12,C0162,P018,2,Mobile App,เก็บเงินปลายทาง,Fuel Pump,Engine,Toyota,2700.0,อู่ซ่อมรถ,นครราชสีมา,15,5400.0,810.0,4590.0,No,4
ORD00701,2026-02-12,C0230,P018,1,Line OA,PromptPay,Fuel Pump,Engine,Toyota,2700.0,เจ้าของรถ,กรุงเทพมหานคร,0,2700.0,0.0,2700.0,No,4
ORD01551,2026-02-12,C0094,P008,2,Marketplace,บัตรเครดิต,Radiator,Cooling,Isuzu,3500.0,เจ้าของรถ,ภูเก็ต,0,7000.0,0.0,7000.0,Yes,4
ORD00714,2026-02-12,C0030,P020,1,Facebook,โอนเงิน,Wiper Blade,Exterior,Nissan,420.0,เจ้าของรถ,ภูเก็ต,0,420.0,0.0,420.0,Yes,4
ORD01078,2026-02-12,C0169,P009,2,Mobile App,PromptPay,Starter Motor,Electrical,Honda,4200.0,เจ้าของรถ,ชลบุรี,0,8400.0,0.0,8400.0,Yes,4
ORD01052,2026-02-13,C0062,P004,1,Website,บัตรเครดิต,Air Filter,Engine,Toyota,450.0,เจ้าของรถ,ภูเก็ต,5,450.0,22.5,427.5,Yes,4
ORD01117,2026-02-13,C0106,P001,1,Marketplace,เก็บเงินปลายทาง,Brake Pad,Brake,Toyota,850.0,อู่ซ่อมรถ,ชลบุรี,10,850.0,85.0,765.0,No,5
ORD00401,2026-02-13,C0241,P015,3,Marketplace,PromptPay,Radiator Hose,Cooling,Honda,650.0,เจ้าของรถ,ขอนแก่น,0,1950.0,0.0,1950.0,Yes,4
ORD00868,2026-02-13,C0026,P004,2,Facebook,PromptPay,Air Filter,Engine,Toyota,450.0,เจ้าของรถ,นครราชสีมา,0,900.0,0.0,900.0,No,3
ORD01596,2026-02-13,C0112,P003,4,Line OA,เก็บเงินปลายทาง,Car Battery,Electrical,Toyota,2800.0,อู่ซ่อมรถ,กรุงเทพมหานคร,0,11200.0,0.0,11200.0,Yes,4
ORD00300,2026-02-13,C0224,P019,4,Line OA,โอนเงิน,Headlight,Electrical,Isuzu,1800.0,เจ้าของรถ,ฉะเชิงเทรา,5,7200.0,360.0,6840.0,Yes,4
ORD01719,2026-02-13,C0198,P011,3,Mobile App,บัตรเครดิต,Brake Fluid,Brake,Nissan,280.0,เจ้าของรถ,ชลบุรี,0,840.0,0.0,840.0,No,5
ORD01165,2026-02-14,C0030,P004,1,Marketplace,เก็บเงินปลายทาง,Air Filter,Engine,Toyota,450.0,เจ้าของรถ,ภูเก็ต,0,450.0,0.0,450.0,Yes,4
ORD01256,2026-02-14,C0193,P012,1,Line OA,บัตรเครดิต,Oil Filter,Engine,Nissan,250.0,เจ้าของรถ,ฉะเชิงเทรา,0,250.0,0.0,250.0,Yes,3
ORD01779,2026-02-14,C0246,P008,3,Mobile App,โอนเงิน,Radiator,Cooling,Isuzu,3500.0,เจ้าของรถ,กรุงเทพมหานคร,5,10500.0,525.0,9975.0,Yes,4
ORD01261,2026-02-14,C0017,P011,4,Line OA,บัตรเครดิต,Brake Fluid,Brake,Nissan,280.0,เจ้าของรถ,เชียงใหม่,5,1120.0,56.0,1064.0,Yes,4
ORD00128,2026-02-14,C0044,P013,1,Mobile App,โอนเงิน,Alternator,Electrical,Toyota,4800.0,เจ้าของรถ,กรุงเทพมหานคร,0,4800.0,0.0,4800.0,Yes,4
ORD00499,2026-02-14,C0026,P001,3,Mobile App,PromptPay,Brake Pad,Brake,Toyota,850.0,เจ้าของรถ,นครราชสีมา,10,2550.0,255.0,2295.0,No,5
ORD00177,2026-02-14,C0237,P009,1,Marketplace,บัตรเครดิต,Starter Motor,Electrical,Honda,4200.0,ศูนย์บริการ,เชียงใหม่,0,4200.0,0.0,4200.0,No,4
ORD00788,2026-02-14,C0123,P019,2,Website,เก็บเงินปลายทาง,Headlight,Electrical,Isuzu,1800.0,เจ้าของรถ,ชลบุรี,0,3600.0,0.0,3600.0,Yes,4
ORD00840,2026-02-14,C0213,P018,1,Marketplace,โอนเงิน,Fuel Pump,Engine,Toyota,2700.0,เจ้าของรถ,ภูเก็ต,0,2700.0,0.0,2700.0,Yes,5
ORD01487,2026-02-14,C0127,P012,2,Website,เก็บเงินปลายทาง,Oil Filter,Engine,Nissan,250.0,เจ้าของรถ,ภูเก็ต,0,500.0,0.0,500.0,No,5
ORD01318,2026-02-14,C0219,P014,4,Mobile App,บัตรเครดิต,Clutch Set,Engine,Isuzu,3900.0,เจ้าของรถ,ขอนแก่น,10,15600.0,1560.0,14040.0,Yes,4
ORD00297,2026-02-15,C0145,P012,4,Mobile App,PromptPay,Oil Filter,Engine,Nissan,250.0,เจ้าของรถ,ภูเก็ต,0,1000.0,0.0,1000.0,No,5
ORD00557,2026-02-15,C0238,P018,2,Facebook,PromptPay,Fuel Pump,Engine,Toyota,2700.0,ร้านอะไหล่,นครราชสีมา,15,5400.0,810.0,4590.0,Yes,3
ORD00980,2026-02-15,C0081,P006,1,Line OA,โอนเงิน,Ball Joint,Suspension,Isuzu,1250.0,ร้านอะไหล่,ขอนแก่น,0,1250.0,0.0,1250.0,No,3
ORD00182,2026-02-15,C0148,P015,2,Mobile App,บัตรเครดิต,Radiator Hose,Cooling,Honda,650.0,เจ้าของรถ,ฉะเชิงเทรา,10,1300.0,130.0,1170.0,Yes,4
ORD01392,2026-02-15,C0026,P019,1,Facebook,PromptPay,Headlight,Electrical,Isuzu,1800.0,เจ้าของรถ,นครราชสีมา,0,1800.0,0.0,1800.0,No,4
ORD00915,2026-02-16,C0211,P012,3,Mobile App,บัตรเครดิต,Oil Filter,Engine,Nissan,250.0,ร้านอะไหล่,ขอนแก่น,10,750.0,75.0,675.0,Yes,3
ORD00579,2026-02-16,C0161,P010,1,Marketplace,โอนเงิน,AC Compressor,AC,Toyota,5800.0,เจ้าของรถ,ชลบุรี,0,5800.0,0.0,5800.0,Yes,5
ORD00862,2026-02-16,C0117,P014,2,Website,เก็บเงินปลายทาง,Clutch Set,Engine,Isuzu,3900.0,เจ้าของรถ,ชลบุรี,5,7800.0,390.0,7410.0,No,5
ORD01305,2026-02-16,C0018,P010,1,Line OA,บัตรเครดิต,AC Compressor,AC,Toyota,5800.0,ร้านอะไหล่,ชลบุรี,5,5800.0,290.0,5510.0,Yes,5
ORD00484,2026-02-16,C0126,P006,2,Website,บัตรเครดิต,Ball Joint,Suspension,Isuzu,1250.0,เจ้าของรถ,ระยอง,10,2500.0,250.0,2250.0,Yes,5
ORD00673,2026-02-16,C0159,P015,3,Website,เก็บเงินปลายทาง,Radiator Hose,Cooling,Honda,650.0,เจ้าของรถ,เชียงใหม่,10,1950.0,195.0,1755.0,Yes,5
ORD00516,2026-02-17,C0041,P018,1,Mobile App,โอนเงิน,Fuel Pump,Engine,Toyota,2700.0,ร้านอะไหล่,ฉะเชิงเทรา,15,2700.0,405.0,2295.0,Yes,5
ORD00500,2026-02-17,C0207,P009,1,Marketplace,โอนเงิน,Starter Motor,Electrical,Honda,4200.0,ศูนย์บริการ,กรุงเทพมหานคร,0,4200.0,0.0,4200.0,No,4
ORD01481,2026-02-17,C0128,P010,1,Mobile App,PromptPay,AC Compressor,AC,Toyota,5800.0,เจ้าของรถ,เชียงใหม่,10,5800.0,580.0,5220.0,No,4
ORD00244,2026-02-17,C0132,P007,4,Website,PromptPay,Shock Absorber,Suspension,Toyota,2200.0,เจ้าของรถ,กรุงเทพมหานคร,0,8800.0,0.0,8800.0,No,5
ORD00114,2026-02-17,C0048,P002,1,Marketplace,โอนเงิน,Brake Disc,Brake,Honda,1650.0,ศูนย์บริการ,ชลบุรี,0,1650.0,0.0,1650.0,Yes,5
ORD01184,2026-02-17,C0058,P015,3,Line OA,PromptPay,Radiator Hose,Cooling,Honda,650.0,เจ้าของรถ,นครราชสีมา,10,1950.0,195.0,1755.0,Yes,3
ORD00577,2026-02-17,C0093,P011,1,Marketplace,เก็บเงินปลายทาง,Brake Fluid,Brake,Nissan,280.0,อู่ซ่อมรถ,กรุงเทพมหานคร,10,280.0,28.0,252.0,Yes,5
ORD01293,2026-02-17,C0159,P008,3,Facebook,PromptPay,Radiator,Cooling,Isuzu,3500.0,เจ้าของรถ,เชียงใหม่,0,10500.0,0.0,10500.0,Yes,4
ORD00402,2026-02-17,C0007,P012,2,Mobile App,PromptPay,Oil Filter,Engine,Nissan,250.0,เจ้าของรถ,นครราชสีมา,0,500.0,0.0,500.0,Yes,4
ORD00949,2026-02-17,C0188,P010,2,Website,PromptPay,AC Compressor,AC,Toyota,5800.0,เจ้าของรถ,ชลบุรี,5,11600.0,580.0,11020.0,No,3
ORD00543,2026-02-17,C0101,P017,1,Mobile App,โอนเงิน,Wheel Bearing,Suspension,Honda,1450.0,เจ้าของรถ,ฉะเชิงเทรา,15,1450.0,217.5,1232.5,Yes,3
ORD00390,2026-02-18,C0203,P014,1,Line OA,บัตรเครดิต,Clutch Set,Engine,Isuzu,3900.0,เจ้าของรถ,ชลบุรี,0,3900.0,0.0,3900.0,Yes,5
ORD00083,2026-02-18,C0124,P006,4,Website,PromptPay,Ball Joint,Suspension,Isuzu,1250.0,ร้านอะไหล่,ฉะเชิงเทรา,0,5000.0,0.0,5000.0,No,3
ORD01120,2026-02-18,C0112,P015,3,Marketplace,PromptPay,Radiator Hose,Cooling,Honda,650.0,อู่ซ่อมรถ,กรุงเทพมหานคร,15,1950.0,292.5,1657.5,Yes,3
ORD00091,2026-02-18,C0228,P009,2,Mobile App,PromptPay,Starter Motor,Electrical,Honda,4200.0,ร้านอะไหล่,ภูเก็ต,5,8400.0,420.0,7980.0,No,5
ORD00221,2026-02-18,C0211,P009,4,Website,เก็บเงินปลายทาง,Starter Motor,Electrical,Honda,4200.0,ร้านอะไหล่,ขอนแก่น,0,16800.0,0.0,16800.0,No,4
ORD00933,2026-02-18,C0174,P006,1,Marketplace,เก็บเงินปลายทาง,Ball Joint,Suspension,Isuzu,1250.0,อู่ซ่อมรถ,ขอนแก่น,0,1250.0,0.0,1250.0,Yes,4
ORD01502,2026-02-18,C0155,P002,4,Mobile App,บัตรเครดิต,Brake Disc,Brake,Honda,1650.0,อู่ซ่อมรถ,ชลบุรี,10,6600.0,660.0,5940.0,No,5
ORD01069,2026-02-19,C0049,P008,4,Website,บัตรเครดิต,Radiator,Cooling,Isuzu,3500.0,อู่ซ่อมรถ,ภูเก็ต,0,14000.0,0.0,14000.0,Yes,5
ORD01356,2026-02-19,C0196,P012,2,Marketplace,โอนเงิน,Oil Filter,Engine,Nissan,250.0,เจ้าของรถ,ขอนแก่น,5,500.0,25.0,475.0,Yes,4
ORD00078,2026-02-19,C0067,P009,2,Marketplace,เก็บเงินปลายทาง,Starter Motor,Electrical,Honda,4200.0,เจ้าของรถ,ฉะเชิงเทรา,0,8400.0,0.0,8400.0,No,4
ORD01612,2026-02-19,C0237,P010,3,Website,PromptPay,AC Compressor,AC,Toyota,5800.0,ศูนย์บริการ,เชียงใหม่,0,17400.0,0.0,17400.0,Yes,5
ORD00822,2026-02-20,C0121,P014,1,Mobile App,บัตรเครดิต,Clutch Set,Engine,Isuzu,3900.0,เจ้าของรถ,กรุงเทพมหานคร,0,3900.0,0.0,3900.0,No,4
ORD00814,2026-02-20,C0035,P018,1,Mobile App,เก็บเงินปลายทาง,Fuel Pump,Engine,Toyota,2700.0,เจ้าของรถ,ฉะเชิงเทรา,15,2700.0,405.0,2295.0,Yes,4
ORD00007,2026-02-20,C0192,P014,1,Mobile App,โอนเงิน,Clutch Set,Engine,Isuzu,3900.0,อู่ซ่อมรถ,ภูเก็ต,10,3900.0,390.0,3510.0,Yes,5
ORD00198,2026-02-20,C0192,P007,1,Website,PromptPay,Shock Absorber,Suspension,Toyota,2200.0,อู่ซ่อมรถ,ภูเก็ต,10,2200.0,220.0,1980.0,Yes,4
ORD00411,2026-02-20,C0222,P014,4,Mobile App,เก็บเงินปลายทาง,Clutch Set,Engine,Isuzu,3900.0,อู่ซ่อมรถ,กรุงเทพมหานคร,5,15600.0,780.0,14820.0,Yes,4
ORD00843,2026-02-20,C0081,P007,3,Website,PromptPay,Shock Absorber,Suspension,Toyota,2200.0,ร้านอะไหล่,ขอนแก่น,0,6600.0,0.0,6600.0,Yes,5
ORD01066,2026-02-20,C0069,P018,3,Facebook,บัตรเครดิต,Fuel Pump,Engine,Toyota,2700.0,เจ้าของรถ,ฉะเชิงเทรา,0,8100.0,0.0,8100.0,Yes,5
ORD01699,2026-02-21,C0109,P016,2,Mobile App,เก็บเงินปลายทาง,AC Filter,AC,Toyota,380.0,เจ้าของรถ,ฉะเชิงเทรา,0,760.0,0.0,760.0,Yes,5
ORD00592,2026-02-21,C0214,P006,2,Facebook,โอนเงิน,Ball Joint,Suspension,Isuzu,1250.0,เจ้าของรถ,กรุงเทพมหานคร,0,2500.0,0.0,2500.0,No,5
ORD01275,2026-02-21,C0107,P017,4,Mobile App,โอนเงิน,Wheel Bearing,Suspension,Honda,1450.0,เจ้าของรถ,เชียงใหม่,5,5800.0,290.0,5510.0,Yes,5
ORD00504,2026-02-21,C0018,P020,2,Website,PromptPay,Wiper Blade,Exterior,Nissan,420.0,ร้านอะไหล่,ชลบุรี,0,840.0,0.0,840.0,Yes,5
ORD00208,2026-02-21,C0137,P003,3,Line OA,บัตรเครดิต,Car Battery,Electrical,Toyota,2800.0,ร้านอะไหล่,นครราชสีมา,15,8400.0,1260.0,7140.0,No,4
ORD00050,2026-02-21,C0066,P012,2,Mobile App,โอนเงิน,Oil Filter,Engine,Nissan,250.0,เจ้าของรถ,ชลบุรี,10,500.0,50.0,450.0,Yes,4
ORD01199,2026-02-21,C0191,P012,2,Mobile App,PromptPay,Oil Filter,Engine,Nissan,250.0,เจ้าของรถ,เชียงใหม่,10,500.0,50.0,450.0,Yes,5
ORD01409,2026-02-22,C0192,P011,1,Line OA,โอนเงิน,Brake Fluid,Brake,Nissan,280.0,อู่ซ่อมรถ,ภูเก็ต,0,280.0,0.0,280.0,Yes,4
ORD01645,2026-02-22,C0231,P002,1,Website,PromptPay,Brake Disc,Brake,Honda,1650.0,อู่ซ่อมรถ,ชลบุรี,15,1650.0,247.5,1402.5,No,5
ORD01470,2026-02-22,C0066,P004,4,Facebook,บัตรเครดิต,Air Filter,Engine,Toyota,450.0,เจ้าของรถ,ชลบุรี,0,1800.0,0.0,1800.0,Yes,4
ORD00093,2026-02-22,C0125,P008,3,Marketplace,PromptPay,Radiator,Cooling,Isuzu,3500.0,เจ้าของรถ,ระยอง,5,10500.0,525.0,9975.0,Yes,4
ORD00156,2026-02-23,C0227,P002,1,Website,บัตรเครดิต,Brake Disc,Brake,Honda,1650.0,เจ้าของรถ,เชียงใหม่,0,1650.0,0.0,1650.0,No,3
ORD00791,2026-02-23,C0158,P010,1,Website,บัตรเครดิต,AC Compressor,AC,Toyota,5800.0,อู่ซ่อมรถ,นครราชสีมา,5,5800.0,290.0,5510.0,No,5
ORD00301,2026-02-23,C0215,P007,3,Website,บัตรเครดิต,Shock Absorber,Suspension,Toyota,2200.0,เจ้าของรถ,เชียงใหม่,10,6600.0,660.0,5940.0,Yes,4
ORD01652,2026-02-23,C0146,P017,3,Mobile App,เก็บเงินปลายทาง,Wheel Bearing,Suspension,Honda,1450.0,เจ้าของรถ,ฉะเชิงเทรา,0,4350.0,0.0,4350.0,Yes,5
ORD00181,2026-02-23,C0085,P001,4,Mobile App,บัตรเครดิต,Brake Pad,Brake,Toyota,850.0,เจ้าของรถ,ฉะเชิงเทรา,0,3400.0,0.0,3400.0,Yes,5
ORD00255,2026-02-23,C0141,P003,3,Marketplace,บัตรเครดิต,Car Battery,Electrical,Toyota,2800.0,เจ้าของรถ,ขอนแก่น,10,8400.0,840.0,7560.0,No,4
ORD00996,2026-02-23,C0049,P005,1,Website,PromptPay,Spark Plug,Engine,Honda,320.0,อู่ซ่อมรถ,ภูเก็ต,0,320.0,0.0,320.0,Yes,5
ORD01154,2026-02-24,C0039,P018,1,Marketplace,PromptPay,Fuel Pump,Engine,Toyota,2700.0,ศูนย์บริการ,เชียงใหม่,0,2700.0,0.0,2700.0,No,4
ORD00948,2026-02-24,C0246,P002,2,Marketplace,PromptPay,Brake Disc,Brake,Honda,1650.0,เจ้าของรถ,กรุงเทพมหานคร,0,3300.0,0.0,3300.0,No,4
ORD00674,2026-02-25,C0076,P014,1,Line OA,บัตรเครดิต,Clutch Set,Engine,Isuzu,3900.0,เจ้าของรถ,นครราชสีมา,0,3900.0,0.0,3900.0,Yes,4
ORD01037,2026-02-25,C0106,P020,1,Mobile App,บัตรเครดิต,Wiper Blade,Exterior,Nissan,420.0,อู่ซ่อมรถ,ชลบุรี,10,420.0,42.0,378.0,No,4
ORD00096,2026-02-25,C0007,P005,1,Facebook,โอนเงิน,Spark Plug,Engine,Honda,320.0,เจ้าของรถ,นครราชสีมา,0,320.0,0.0,320.0,No,3
ORD00117,2026-02-25,C0114,P020,2,Facebook,PromptPay,Wiper Blade,Exterior,Nissan,420.0,ร้านอะไหล่,กรุงเทพมหานคร,5,840.0,42.0,798.0,Yes,4
ORD00773,2026-02-25,C0091,P002,3,Facebook,โอนเงิน,Brake Disc,Brake,Honda,1650.0,เจ้าของรถ,ชลบุรี,5,4950.0,247.5,4702.5,No,3
ORD01102,2026-02-25,C0053,P012,1,Website,โอนเงิน,Oil Filter,Engine,Nissan,250.0,ร้านอะไหล่,นครราชสีมา,10,250.0,25.0,225.0,No,3
ORD00642,2026-02-25,C0235,P006,2,Website,โอนเงิน,Ball Joint,Suspension,Isuzu,1250.0,เจ้าของรถ,เชียงใหม่,0,2500.0,0.0,2500.0,Yes,5
ORD01519,2026-02-25,C0125,P006,4,Marketplace,เก็บเงินปลายทาง,Ball Joint,Suspension,Isuzu,1250.0,เจ้าของรถ,ระยอง,5,5000.0,250.0,4750.0,Yes,5
ORD01724,2026-02-25,C0084,P020,3,Line OA,PromptPay,Wiper Blade,Exterior,Nissan,420.0,เจ้าของรถ,นครราชสีมา,10,1260.0,126.0,1134.0,No,4
ORD01681,2026-02-26,C0155,P011,1,Facebook,เก็บเงินปลายทาง,Brake Fluid,Brake,Nissan,280.0,อู่ซ่อมรถ,ชลบุรี,5,280.0,14.0,266.0,Yes,3
ORD01090,2026-02-26,C0232,P013,2,Marketplace,บัตรเครดิต,Alternator,Electrical,Toyota,4800.0,อู่ซ่อมรถ,ภูเก็ต,5,9600.0,480.0,9120.0,No,4
ORD01503,2026-02-26,C0020,P009,4,Line OA,เก็บเงินปลายทาง,Starter Motor,Electrical,Honda,4200.0,ศูนย์บริการ,นครราชสีมา,15,16800.0,2520.0,14280.0,Yes,4
ORD00227,2026-02-26,C0172,P012,1,Mobile App,PromptPay,Oil Filter,Engine,Nissan,250.0,เจ้าของรถ,ระยอง,15,250.0,37.5,212.5,No,5
ORD01140,2026-02-26,C0035,P005,2,Marketplace,เก็บเงินปลายทาง,Spark Plug,Engine,Honda,320.0,เจ้าของรถ,ฉะเชิงเทรา,5,640.0,32.0,608.0,No,4
ORD00070,2026-02-26,C0042,P007,1,Website,PromptPay,Shock Absorber,Suspension,Toyota,2200.0,ร้านอะไหล่,ชลบุรี,0,2200.0,0.0,2200.0,Yes,3
ORD00655,2026-02-26,C0022,P008,4,Line OA,PromptPay,Radiator,Cooling,Isuzu,3500.0,เจ้าของรถ,กรุงเทพมหานคร,0,14000.0,0.0,14000.0,Yes,5
ORD01678,2026-02-27,C0072,P009,1,Line OA,เก็บเงินปลายทาง,Starter Motor,Electrical,Honda,4200.0,เจ้าของรถ,ภูเก็ต,5,4200.0,210.0,3990.0,Yes,3
ORD00337,2026-02-27,C0047,P020,3,Website,เก็บเงินปลายทาง,Wiper Blade,Exterior,Nissan,420.0,อู่ซ่อมรถ,ระยอง,0,1260.0,0.0,1260.0,Yes,5
ORD00049,2026-02-27,C0245,P017,3,Mobile App,โอนเงิน,Wheel Bearing,Suspension,Honda,1450.0,เจ้าของรถ,เชียงใหม่,10,4350.0,435.0,3915.0,No,4
ORD01096,2026-02-27,C0212,P011,3,Mobile App,PromptPay,Brake Fluid,Brake,Nissan,280.0,เจ้าของรถ,ระยอง,5,840.0,42.0,798.0,Yes,4
ORD01742,2026-02-27,C0021,P012,1,Website,เก็บเงินปลายทาง,Oil Filter,Engine,Nissan,250.0,เจ้าของรถ,ระยอง,0,250.0,0.0,250.0,Yes,3
ORD00486,2026-02-27,C0245,P017,3,Line OA,โอนเงิน,Wheel Bearing,Suspension,Honda,1450.0,เจ้าของรถ,เชียงใหม่,10,4350.0,435.0,3915.0,No,3
ORD00245,2026-02-28,C0055,P019,2,Facebook,เก็บเงินปลายทาง,Headlight,Electrical,Isuzu,1800.0,อู่ซ่อมรถ,เชียงใหม่,10,3600.0,360.0,3240.0,Yes,5
ORD00014,2026-02-28,C0202,P018,1,Website,PromptPay,Fuel Pump,Engine,Toyota,2700.0,อู่ซ่อมรถ,ฉะเชิงเทรา,0,2700.0,0.0,2700.0,Yes,5
ORD00830,2026-02-28,C0188,P017,3,Facebook,บัตรเครดิต,Wheel Bearing,Suspension,Honda,1450.0,เจ้าของรถ,ชลบุรี,15,4350.0,652.5,3697.5,No,4
ORD00376,2026-02-28,C0039,P008,2,Marketplace,บัตรเครดิต,Radiator,Cooling,Isuzu,3500.0,ศูนย์บริการ,เชียงใหม่,0,7000.0,0.0,7000.0,Yes,5
ORD00961,2026-02-28,C0055,P006,3,Line OA,เก็บเงินปลายทาง,Ball Joint,Suspension,Isuzu,1250.0,อู่ซ่อมรถ,เชียงใหม่,0,3750.0,0.0,3750.0,No,4
ORD01198,2026-02-28,C0212,P020,1,Marketplace,PromptPay,Wiper Blade,Exterior,Nissan,420.0,เจ้าของรถ,ระยอง,10,420.0,42.0,378.0,No,4
ORD00889,2026-02-28,C0007,P009,1,Line OA,PromptPay,Starter Motor,Electrical,Honda,4200.0,เจ้าของรถ,นครราชสีมา,5,4200.0,210.0,3990.0,No,5
ORD01329,2026-02-28,C0152,P014,1,Line OA,บัตรเครดิต,Clutch Set,Engine,Isuzu,3900.0,เจ้าของรถ,นครราชสีมา,10,3900.0,390.0,3510.0,No,4
ORD01560,2026-02-28,C0054,P010,2,Mobile App,เก็บเงินปลายทาง,AC Compressor,AC,Toyota,5800.0,เจ้าของรถ,ฉะเชิงเทรา,5,11600.0,580.0,11020.0,No,4
ORD01009,2026-03-01,C0148,P007,2,Facebook,เก็บเงินปลายทาง,Shock Absorber,Suspension,Toyota,2200.0,เจ้าของรถ,ฉะเชิงเทรา,0,4400.0,0.0,4400.0,Yes,5
ORD01312,2026-03-01,C0217,P018,4,Mobile App,เก็บเงินปลายทาง,Fuel Pump,Engine,Toyota,2700.0,เจ้าของรถ,กรุงเทพมหานคร,10,10800.0,1080.0,9720.0,Yes,4
ORD00688,2026-03-01,C0142,P020,1,Mobile App,PromptPay,Wiper Blade,Exterior,Nissan,420.0,เจ้าของรถ,ขอนแก่น,10,420.0,42.0,378.0,No,4
ORD01570,2026-03-01,C0077,P008,4,Mobile App,บัตรเครดิต,Radiator,Cooling,Isuzu,3500.0,อู่ซ่อมรถ,นครราชสีมา,0,14000.0,0.0,14000.0,No,4
ORD00875,2026-03-01,C0021,P001,2,Website,PromptPay,Brake Pad,Brake,Toyota,850.0,เจ้าของรถ,ระยอง,10,1700.0,170.0,1530.0,No,4
ORD00937,2026-03-01,C0073,P018,4,Marketplace,เก็บเงินปลายทาง,Fuel Pump,Engine,Toyota,2700.0,ศูนย์บริการ,ชลบุรี,0,10800.0,0.0,10800.0,Yes,5
ORD01103,2026-03-01,C0040,P010,2,Mobile App,โอนเงิน,AC Compressor,AC,Toyota,5800.0,ร้านอะไหล่,ภูเก็ต,0,11600.0,0.0,11600.0,Yes,5
ORD00671,2026-03-02,C0022,P017,3,Mobile App,โอนเงิน,Wheel Bearing,Suspension,Honda,1450.0,เจ้าของรถ,กรุงเทพมหานคร,10,4350.0,435.0,3915.0,No,3
ORD00586,2026-03-02,C0010,P016,3,Website,PromptPay,AC Filter,AC,Toyota,380.0,ศูนย์บริการ,ภูเก็ต,0,1140.0,0.0,1140.0,Yes,4
ORD00845,2026-03-02,C0131,P012,1,Mobile App,บัตรเครดิต,Oil Filter,Engine,Nissan,250.0,เจ้าของรถ,ระยอง,0,250.0,0.0,250.0,No,5
ORD01395,2026-03-02,C0133,P005,1,Marketplace,โอนเงิน,Spark Plug,Engine,Honda,320.0,เจ้าของรถ,ขอนแก่น,0,320.0,0.0,320.0,No,3
ORD00386,2026-03-02,C0107,P002,2,Website,เก็บเงินปลายทาง,Brake Disc,Brake,Honda,1650.0,เจ้าของรถ,เชียงใหม่,0,3300.0,0.0,3300.0,Yes,4
ORD00846,2026-03-02,C0203,P008,1,Website,เก็บเงินปลายทาง,Radiator,Cooling,Isuzu,3500.0,เจ้าของรถ,ชลบุรี,0,3500.0,0.0,3500.0,Yes,5
ORD01086,2026-03-02,C0131,P005,3,Facebook,เก็บเงินปลายทาง,Spark Plug,Engine,Honda,320.0,เจ้าของรถ,ระยอง,0,960.0,0.0,960.0,No,4
ORD00017,2026-03-02,C0193,P012,4,Facebook,โอนเงิน,Oil Filter,Engine,Nissan,250.0,เจ้าของรถ,ฉะเชิงเทรา,5,1000.0,50.0,950.0,No,5
ORD00146,2026-03-03,C0100,P015,4,Facebook,เก็บเงินปลายทาง,Radiator Hose,Cooling,Honda,650.0,ร้านอะไหล่,กรุงเทพมหานคร,5,2600.0,130.0,2470.0,Yes,4
ORD01403,2026-03-03,C0107,P003,2,Facebook,โอนเงิน,Car Battery,Electrical,Toyota,2800.0,เจ้าของรถ,เชียงใหม่,0,5600.0,0.0,5600.0,Yes,5
ORD00707,2026-03-03,C0226,P020,1,Website,โอนเงิน,Wiper Blade,Exterior,Nissan,420.0,เจ้าของรถ,ระยอง,15,420.0,63.0,357.0,No,4
ORD01548,2026-03-03,C0033,P005,1,Marketplace,โอนเงิน,Spark Plug,Engine,Honda,320.0,อู่ซ่อมรถ,นครราชสีมา,15,320.0,48.0,272.0,Yes,4
ORD01064,2026-03-03,C0053,P001,1,Line OA,เก็บเงินปลายทาง,Brake Pad,Brake,Toyota,850.0,ร้านอะไหล่,นครราชสีมา,5,850.0,42.5,807.5,Yes,5
ORD01417,2026-03-03,C0025,P018,3,Website,บัตรเครดิต,Fuel Pump,Engine,Toyota,2700.0,เจ้าของรถ,ขอนแก่น,15,8100.0,1215.0,6885.0,Yes,4
ORD00225,2026-03-04,C0047,P015,3,Facebook,เก็บเงินปลายทาง,Radiator Hose,Cooling,Honda,650.0,อู่ซ่อมรถ,ระยอง,5,1950.0,97.5,1852.5,Yes,4
ORD01352,2026-03-04,C0080,P018,3,Marketplace,บัตรเครดิต,Fuel Pump,Engine,Toyota,2700.0,เจ้าของรถ,ขอนแก่น,0,8100.0,0.0,8100.0,Yes,4
ORD00659,2026-03-04,C0004,P002,1,Mobile App,บัตรเครดิต,Brake Disc,Brake,Honda,1650.0,อู่ซ่อมรถ,ขอนแก่น,15,1650.0,247.5,1402.5,Yes,5
ORD00724,2026-03-05,C0146,P009,2,Facebook,PromptPay,Starter Motor,Electrical,Honda,4200.0,เจ้าของรถ,ฉะเชิงเทรา,5,8400.0,420.0,7980.0,Yes,4
ORD00677,2026-03-05,C0173,P016,1,Marketplace,PromptPay,AC Filter,AC,Toyota,380.0,อู่ซ่อมรถ,เชียงใหม่,0,380.0,0.0,380.0,Yes,4
ORD01040,2026-03-05,C0024,P010,3,Mobile App,PromptPay,AC Compressor,AC,Toyota,5800.0,เจ้าของรถ,ชลบุรี,0,17400.0,0.0,17400.0,Yes,4
ORD01766,2026-03-05,C0138,P014,3,Website,เก็บเงินปลายทาง,Clutch Set,Engine,Isuzu,3900.0,เจ้าของรถ,เชียงใหม่,0,11700.0,0.0,11700.0,Yes,5
ORD00350,2026-03-06,C0148,P017,2,Website,บัตรเครดิต,Wheel Bearing,Suspension,Honda,1450.0,เจ้าของรถ,ฉะเชิงเทรา,0,2900.0,0.0,2900.0,No,4
ORD00768,2026-03-06,C0006,P011,4,Website,เก็บเงินปลายทาง,Brake Fluid,Brake,Nissan,280.0,เจ้าของรถ,กรุงเทพมหานคร,5,1120.0,56.0,1064.0,No,4
ORD01731,2026-03-06,C0023,P004,3,Mobile App,เก็บเงินปลายทาง,Air Filter,Engine,Toyota,450.0,เจ้าของรถ,นครราชสีมา,5,1350.0,67.5,1282.5,Yes,5
ORD01418,2026-03-06,C0048,P009,3,Mobile App,บัตรเครดิต,Starter Motor,Electrical,Honda,4200.0,ศูนย์บริการ,ชลบุรี,0,12600.0,0.0,12600.0,Yes,4
ORD00270,2026-03-07,C0159,P018,3,Facebook,PromptPay,Fuel Pump,Engine,Toyota,2700.0,เจ้าของรถ,เชียงใหม่,0,8100.0,0.0,8100.0,Yes,5
ORD01243,2026-03-07,C0114,P006,2,Line OA,โอนเงิน,Ball Joint,Suspension,Isuzu,1250.0,ร้านอะไหล่,กรุงเทพมหานคร,0,2500.0,0.0,2500.0,Yes,5
ORD01416,2026-03-07,C0189,P014,3,Line OA,โอนเงิน,Clutch Set,Engine,Isuzu,3900.0,เจ้าของรถ,ชลบุรี,5,11700.0,585.0,11115.0,Yes,4
ORD01342,2026-03-07,C0231,P002,2,Marketplace,เก็บเงินปลายทาง,Brake Disc,Brake,Honda,1650.0,อู่ซ่อมรถ,ชลบุรี,0,3300.0,0.0,3300.0,Yes,4
ORD01437,2026-03-07,C0107,P006,1,Marketplace,เก็บเงินปลายทาง,Ball Joint,Suspension,Isuzu,1250.0,เจ้าของรถ,เชียงใหม่,0,1250.0,0.0,1250.0,No,5
ORD00787,2026-03-07,C0098,P003,2,Website,PromptPay,Car Battery,Electrical,Toyota,2800.0,เจ้าของรถ,ภูเก็ต,15,5600.0,840.0,4760.0,No,4
ORD01725,2026-03-07,C0007,P009,1,Line OA,บัตรเครดิต,Starter Motor,Electrical,Honda,4200.0,เจ้าของรถ,นครราชสีมา,5,4200.0,210.0,3990.0,No,4
ORD01070,2026-03-07,C0181,P005,4,Line OA,โอนเงิน,Spark Plug,Engine,Honda,320.0,เจ้าของรถ,ฉะเชิงเทรา,0,1280.0,0.0,1280.0,Yes,4
ORD00953,2026-03-07,C0043,P013,4,Facebook,โอนเงิน,Alternator,Electrical,Toyota,4800.0,เจ้าของรถ,นครราชสีมา,5,19200.0,960.0,18240.0,Yes,4
ORD00998,2026-03-08,C0234,P007,1,Facebook,บัตรเครดิต,Shock Absorber,Suspension,Toyota,2200.0,เจ้าของรถ,นครราชสีมา,0,2200.0,0.0,2200.0,Yes,5
ORD01264,2026-03-08,C0012,P004,4,Marketplace,โอนเงิน,Air Filter,Engine,Toyota,450.0,เจ้าของรถ,กรุงเทพมหานคร,0,1800.0,0.0,1800.0,Yes,4
ORD00488,2026-03-08,C0211,P008,1,Website,บัตรเครดิต,Radiator,Cooling,Isuzu,3500.0,ร้านอะไหล่,ขอนแก่น,0,3500.0,0.0,3500.0,Yes,4
ORD01420,2026-03-08,C0070,P007,1,Facebook,เก็บเงินปลายทาง,Shock Absorber,Suspension,Toyota,2200.0,อู่ซ่อมรถ,ภูเก็ต,5,2200.0,110.0,2090.0,Yes,3
ORD00904,2026-03-08,C0161,P010,3,Line OA,เก็บเงินปลายทาง,AC Compressor,AC,Toyota,5800.0,เจ้าของรถ,ชลบุรี,10,17400.0,1740.0,15660.0,No,4
ORD00856,2026-03-08,C0079,P015,1,Marketplace,โอนเงิน,Radiator Hose,Cooling,Honda,650.0,อู่ซ่อมรถ,ระยอง,5,650.0,32.5,617.5,Yes,4
ORD00472,2026-03-09,C0218,P008,1,Website,เก็บเงินปลายทาง,Radiator,Cooling,Isuzu,3500.0,เจ้าของรถ,ฉะเชิงเทรา,0,3500.0,0.0,3500.0,No,5
ORD00690,2026-03-09,C0177,P017,1,Mobile App,โอนเงิน,Wheel Bearing,Suspension,Honda,1450.0,เจ้าของรถ,ชลบุรี,5,1450.0,72.5,1377.5,Yes,4
ORD00249,2026-03-09,C0029,P010,3,Marketplace,PromptPay,AC Compressor,AC,Toyota,5800.0,ร้านอะไหล่,กรุงเทพมหานคร,10,17400.0,1740.0,15660.0,Yes,4
ORD00628,2026-03-09,C0177,P007,1,Mobile App,เก็บเงินปลายทาง,Shock Absorber,Suspension,Toyota,2200.0,เจ้าของรถ,ชลบุรี,5,2200.0,110.0,2090.0,No,5
ORD00317,2026-03-09,C0069,P004,3,Mobile App,บัตรเครดิต,Air Filter,Engine,Toyota,450.0,เจ้าของรถ,ฉะเชิงเทรา,10,1350.0,135.0,1215.0,Yes,4
ORD00435,2026-03-09,C0077,P006,2,Marketplace,เก็บเงินปลายทาง,Ball Joint,Suspension,Isuzu,1250.0,อู่ซ่อมรถ,นครราชสีมา,0,2500.0,0.0,2500.0,Yes,3
ORD01460,2026-03-10,C0168,P013,1,Website,PromptPay,Alternator,Electrical,Toyota,4800.0,เจ้าของรถ,ระยอง,0,4800.0,0.0,4800.0,No,5
ORD00568,2026-03-10,C0034,P002,1,Line OA,PromptPay,Brake Disc,Brake,Honda,1650.0,อู่ซ่อมรถ,นครราชสีมา,0,1650.0,0.0,1650.0,No,5
ORD01689,2026-03-10,C0127,P017,2,Facebook,บัตรเครดิต,Wheel Bearing,Suspension,Honda,1450.0,เจ้าของรถ,ภูเก็ต,15,2900.0,435.0,2465.0,Yes,5
ORD01138,2026-03-10,C0250,P005,2,Website,PromptPay,Spark Plug,Engine,Honda,320.0,อู่ซ่อมรถ,ภูเก็ต,0,640.0,0.0,640.0,Yes,5
ORD00378,2026-03-11,C0102,P016,1,Facebook,PromptPay,AC Filter,AC,Toyota,380.0,อู่ซ่อมรถ,ชลบุรี,0,380.0,0.0,380.0,No,3
ORD00265,2026-03-11,C0225,P014,3,Marketplace,บัตรเครดิต,Clutch Set,Engine,Isuzu,3900.0,เจ้าของรถ,นครราชสีมา,0,11700.0,0.0,11700.0,Yes,5
ORD01197,2026-03-11,C0134,P003,2,Website,เก็บเงินปลายทาง,Car Battery,Electrical,Toyota,2800.0,เจ้าของรถ,ขอนแก่น,0,5600.0,0.0,5600.0,No,5
ORD00359,2026-03-11,C0080,P006,1,Website,เก็บเงินปลายทาง,Ball Joint,Suspension,Isuzu,1250.0,เจ้าของรถ,ขอนแก่น,15,1250.0,187.5,1062.5,Yes,4
ORD00967,2026-03-11,C0133,P002,1,Mobile App,เก็บเงินปลายทาง,Brake Disc,Brake,Honda,1650.0,เจ้าของรถ,ขอนแก่น,0,1650.0,0.0,1650.0,Yes,4
ORD01045,2026-03-11,C0166,P020,1,Marketplace,บัตรเครดิต,Wiper Blade,Exterior,Nissan,420.0,ศูนย์บริการ,กรุงเทพมหานคร,5,420.0,21.0,399.0,Yes,4
ORD00464,2026-03-12,C0070,P012,2,Facebook,บัตรเครดิต,Oil Filter,Engine,Nissan,250.0,อู่ซ่อมรถ,ภูเก็ต,15,500.0,75.0,425.0,Yes,4
ORD00275,2026-03-12,C0068,P019,2,Facebook,บัตรเครดิต,Headlight,Electrical,Isuzu,1800.0,อู่ซ่อมรถ,ขอนแก่น,0,3600.0,0.0,3600.0,Yes,4
ORD00236,2026-03-12,C0012,P009,1,Line OA,โอนเงิน,Starter Motor,Electrical,Honda,4200.0,เจ้าของรถ,กรุงเทพมหานคร,5,4200.0,210.0,3990.0,Yes,5
ORD01575,2026-03-12,C0213,P011,1,Mobile App,PromptPay,Brake Fluid,Brake,Nissan,280.0,เจ้าของรถ,ภูเก็ต,10,280.0,28.0,252.0,Yes,4
ORD01708,2026-03-12,C0212,P001,1,Mobile App,เก็บเงินปลายทาง,Brake Pad,Brake,Toyota,850.0,เจ้าของรถ,ระยอง,10,850.0,85.0,765.0,No,4
ORD01328,2026-03-12,C0141,P003,4,Line OA,PromptPay,Car Battery,Electrical,Toyota,2800.0,เจ้าของรถ,ขอนแก่น,0,11200.0,0.0,11200.0,No,4
ORD00197,2026-03-13,C0076,P009,1,Line OA,PromptPay,Starter Motor,Electrical,Honda,4200.0,เจ้าของรถ,นครราชสีมา,0,4200.0,0.0,4200.0,Yes,4
ORD00918,2026-03-13,C0069,P006,1,Line OA,บัตรเครดิต,Ball Joint,Suspension,Isuzu,1250.0,เจ้าของรถ,ฉะเชิงเทรา,0,1250.0,0.0,1250.0,No,4
ORD01781,2026-03-13,C0014,P005,4,Mobile App,โอนเงิน,Spark Plug,Engine,Honda,320.0,เจ้าของรถ,นครราชสีมา,5,1280.0,64.0,1216.0,Yes,5
ORD00176,2026-03-13,C0156,P007,1,Website,เก็บเงินปลายทาง,Shock Absorber,Suspension,Toyota,2200.0,เจ้าของรถ,ระยอง,0,2200.0,0.0,2200.0,No,5
ORD01527,2026-03-13,C0018,P018,3,Mobile App,PromptPay,Fuel Pump,Engine,Toyota,2700.0,ร้านอะไหล่,ชลบุรี,0,8100.0,0.0,8100.0,No,4
ORD00974,2026-03-13,C0029,P004,2,Website,บัตรเครดิต,Air Filter,Engine,Toyota,450.0,ร้านอะไหล่,กรุงเทพมหานคร,15,900.0,135.0,765.0,Yes,4
ORD00127,2026-03-13,C0212,P010,3,Line OA,PromptPay,AC Compressor,AC,Toyota,5800.0,เจ้าของรถ,ระยอง,0,17400.0,0.0,17400.0,Yes,4
ORD00721,2026-03-14,C0103,P012,1,Mobile App,เก็บเงินปลายทาง,Oil Filter,Engine,Nissan,250.0,เจ้าของรถ,ขอนแก่น,0,250.0,0.0,250.0,Yes,4
ORD00984,2026-03-14,C0210,P020,3,Website,เก็บเงินปลายทาง,Wiper Blade,Exterior,Nissan,420.0,ร้านอะไหล่,ฉะเชิงเทรา,0,1260.0,0.0,1260.0,Yes,5
ORD00082,2026-03-14,C0031,P007,4,Facebook,โอนเงิน,Shock Absorber,Suspension,Toyota,2200.0,อู่ซ่อมรถ,ระยอง,15,8800.0,1320.0,7480.0,Yes,4
ORD01141,2026-03-14,C0167,P003,1,Line OA,เก็บเงินปลายทาง,Car Battery,Electrical,Toyota,2800.0,อู่ซ่อมรถ,กรุงเทพมหานคร,0,2800.0,0.0,2800.0,No,4
ORD00839,2026-03-14,C0044,P007,4,Mobile App,บัตรเครดิต,Shock Absorber,Suspension,Toyota,2200.0,เจ้าของรถ,กรุงเทพมหานคร,5,8800.0,440.0,8360.0,Yes,4
ORD00471,2026-03-14,C0167,P012,2,Facebook,PromptPay,Oil Filter,Engine,Nissan,250.0,อู่ซ่อมรถ,กรุงเทพมหานคร,10,500.0,50.0,450.0,No,4
ORD00908,2026-03-15,C0100,P009,1,Facebook,เก็บเงินปลายทาง,Starter Motor,Electrical,Honda,4200.0,ร้านอะไหล่,กรุงเทพมหานคร,15,4200.0,630.0,3570.0,Yes,4
ORD01659,2026-03-15,C0242,P015,3,Line OA,โอนเงิน,Radiator Hose,Cooling,Honda,650.0,เจ้าของรถ,นครราชสีมา,0,1950.0,0.0,1950.0,Yes,3
ORD00211,2026-03-15,C0150,P016,1,Mobile App,โอนเงิน,AC Filter,AC,Toyota,380.0,เจ้าของรถ,ฉะเชิงเทรา,10,380.0,38.0,342.0,No,4
ORD01234,2026-03-16,C0023,P007,3,Website,บัตรเครดิต,Shock Absorber,Suspension,Toyota,2200.0,เจ้าของรถ,นครราชสีมา,5,6600.0,330.0,6270.0,No,5
ORD01676,2026-03-16,C0158,P006,2,Website,PromptPay,Ball Joint,Suspension,Isuzu,1250.0,อู่ซ่อมรถ,นครราชสีมา,5,2500.0,125.0,2375.0,Yes,5
ORD01039,2026-03-16,C0038,P003,3,Marketplace,โอนเงิน,Car Battery,Electrical,Toyota,2800.0,เจ้าของรถ,ระยอง,0,8400.0,0.0,8400.0,No,4
ORD00512,2026-03-16,C0135,P003,3,Marketplace,เก็บเงินปลายทาง,Car Battery,Electrical,Toyota,2800.0,เจ้าของรถ,ชลบุรี,0,8400.0,0.0,8400.0,Yes,3
ORD00775,2026-03-16,C0067,P004,1,Website,PromptPay,Air Filter,Engine,Toyota,450.0,เจ้าของรถ,ฉะเชิงเทรา,0,450.0,0.0,450.0,No,4
ORD00748,2026-03-17,C0089,P004,2,Mobile App,เก็บเงินปลายทาง,Air Filter,Engine,Toyota,450.0,อู่ซ่อมรถ,ขอนแก่น,10,900.0,90.0,810.0,No,3
ORD01330,2026-03-17,C0120,P006,1,Website,เก็บเงินปลายทาง,Ball Joint,Suspension,Isuzu,1250.0,เจ้าของรถ,ภูเก็ต,0,1250.0,0.0,1250.0,Yes,3
ORD01479,2026-03-17,C0174,P008,1,Facebook,โอนเงิน,Radiator,Cooling,Isuzu,3500.0,อู่ซ่อมรถ,ขอนแก่น,15,3500.0,525.0,2975.0,Yes,4
ORD01279,2026-03-17,C0187,P012,2,Facebook,โอนเงิน,Oil Filter,Engine,Nissan,250.0,เจ้าของรถ,ภูเก็ต,0,500.0,0.0,500.0,No,3
ORD00633,2026-03-17,C0193,P002,4,Marketplace,บัตรเครดิต,Brake Disc,Brake,Honda,1650.0,เจ้าของรถ,ฉะเชิงเทรา,0,6600.0,0.0,6600.0,Yes,4
ORD01353,2026-03-17,C0206,P014,2,Website,PromptPay,Clutch Set,Engine,Isuzu,3900.0,อู่ซ่อมรถ,นครราชสีมา,0,7800.0,0.0,7800.0,Yes,4
ORD00048,2026-03-18,C0162,P005,1,Facebook,โอนเงิน,Spark Plug,Engine,Honda,320.0,อู่ซ่อมรถ,นครราชสีมา,5,320.0,16.0,304.0,Yes,4
ORD00074,2026-03-18,C0076,P009,2,Mobile App,PromptPay,Starter Motor,Electrical,Honda,4200.0,เจ้าของรถ,นครราชสีมา,15,8400.0,1260.0,7140.0,No,4
ORD01380,2026-03-18,C0250,P018,2,Mobile App,โอนเงิน,Fuel Pump,Engine,Toyota,2700.0,อู่ซ่อมรถ,ภูเก็ต,0,5400.0,0.0,5400.0,Yes,4
ORD00122,2026-03-19,C0063,P015,2,Mobile App,PromptPay,Radiator Hose,Cooling,Honda,650.0,อู่ซ่อมรถ,ชลบุรี,0,1300.0,0.0,1300.0,No,4
ORD00521,2026-03-19,C0183,P006,2,Website,บัตรเครดิต,Ball Joint,Suspension,Isuzu,1250.0,ร้านอะไหล่,กรุงเทพมหานคร,0,2500.0,0.0,2500.0,No,4
ORD01196,2026-03-19,C0114,P012,2,Mobile App,PromptPay,Oil Filter,Engine,Nissan,250.0,ร้านอะไหล่,กรุงเทพมหานคร,5,500.0,25.0,475.0,Yes,3
ORD00102,2026-03-19,C0053,P007,4,Website,เก็บเงินปลายทาง,Shock Absorber,Suspension,Toyota,2200.0,ร้านอะไหล่,นครราชสีมา,10,8800.0,880.0,7920.0,No,3
ORD01216,2026-03-19,C0148,P019,1,Facebook,PromptPay,Headlight,Electrical,Isuzu,1800.0,เจ้าของรถ,ฉะเชิงเทรา,15,1800.0,270.0,1530.0,Yes,4
ORD00940,2026-03-19,C0192,P015,2,Facebook,เก็บเงินปลายทาง,Radiator Hose,Cooling,Honda,650.0,อู่ซ่อมรถ,ภูเก็ต,0,1300.0,0.0,1300.0,No,4
ORD01124,2026-03-19,C0197,P014,4,Marketplace,PromptPay,Clutch Set,Engine,Isuzu,3900.0,เจ้าของรถ,เชียงใหม่,0,15600.0,0.0,15600.0,Yes,4
ORD00553,2026-03-19,C0004,P014,2,Mobile App,บัตรเครดิต,Clutch Set,Engine,Isuzu,3900.0,อู่ซ่อมรถ,ขอนแก่น,5,7800.0,390.0,7410.0,Yes,3
ORD01456,2026-03-19,C0157,P019,3,Marketplace,PromptPay,Headlight,Electrical,Isuzu,1800.0,เจ้าของรถ,ภูเก็ต,0,5400.0,0.0,5400.0,Yes,3
ORD00303,2026-03-19,C0199,P019,1,Facebook,เก็บเงินปลายทาง,Headlight,Electrical,Isuzu,1800.0,อู่ซ่อมรถ,กรุงเทพมหานคร,0,1800.0,0.0,1800.0,Yes,3
ORD01490,2026-03-19,C0187,P012,1,Marketplace,โอนเงิน,Oil Filter,Engine,Nissan,250.0,เจ้าของรถ,ภูเก็ต,10,250.0,25.0,225.0,No,4
ORD01492,2026-03-19,C0157,P009,1,Marketplace,PromptPay,Starter Motor,Electrical,Honda,4200.0,เจ้าของรถ,ภูเก็ต,0,4200.0,0.0,4200.0,Yes,3
ORD01170,2026-03-20,C0233,P007,1,Website,บัตรเครดิต,Shock Absorber,Suspension,Toyota,2200.0,เจ้าของรถ,กรุงเทพมหานคร,0,2200.0,0.0,2200.0,No,5
ORD00125,2026-03-20,C0227,P019,4,Mobile App,เก็บเงินปลายทาง,Headlight,Electrical,Isuzu,1800.0,เจ้าของรถ,เชียงใหม่,0,7200.0,0.0,7200.0,Yes,3
ORD01426,2026-03-20,C0034,P002,2,Mobile App,เก็บเงินปลายทาง,Brake Disc,Brake,Honda,1650.0,อู่ซ่อมรถ,นครราชสีมา,0,3300.0,0.0,3300.0,Yes,4
ORD01139,2026-03-20,C0227,P004,4,Mobile App,PromptPay,Air Filter,Engine,Toyota,450.0,เจ้าของรถ,เชียงใหม่,0,1800.0,0.0,1800.0,Yes,5
ORD00068,2026-03-20,C0110,P016,1,Line OA,PromptPay,AC Filter,AC,Toyota,380.0,เจ้าของรถ,กรุงเทพมหานคร,5,380.0,19.0,361.0,Yes,5
ORD00379,2026-03-20,C0114,P010,2,Website,บัตรเครดิต,AC Compressor,AC,Toyota,5800.0,ร้านอะไหล่,กรุงเทพมหานคร,0,11600.0,0.0,11600.0,No,4
ORD00112,2026-03-20,C0242,P018,1,Mobile App,เก็บเงินปลายทาง,Fuel Pump,Engine,Toyota,2700.0,เจ้าของรถ,นครราชสีมา,0,2700.0,0.0,2700.0,Yes,4
ORD00228,2026-03-20,C0225,P006,1,Website,โอนเงิน,Ball Joint,Suspension,Isuzu,1250.0,เจ้าของรถ,นครราชสีมา,0,1250.0,0.0,1250.0,Yes,5
ORD00179,2026-03-20,C0187,P008,2,Mobile App,เก็บเงินปลายทาง,Radiator,Cooling,Isuzu,3500.0,เจ้าของรถ,ภูเก็ต,5,7000.0,350.0,6650.0,No,4
ORD01625,2026-03-20,C0029,P014,4,Website,โอนเงิน,Clutch Set,Engine,Isuzu,3900.0,ร้านอะไหล่,กรุงเทพมหานคร,0,15600.0,0.0,15600.0,No,4
ORD00016,2026-03-20,C0198,P006,3,Website,PromptPay,Ball Joint,Suspension,Isuzu,1250.0,เจ้าของรถ,ชลบุรี,10,3750.0,375.0,3375.0,No,3
ORD01000,2026-03-21,C0065,P019,1,Marketplace,PromptPay,Headlight,Electrical,Isuzu,1800.0,เจ้าของรถ,ระยอง,0,1800.0,0.0,1800.0,No,4
ORD00583,2026-03-21,C0199,P005,1,Marketplace,PromptPay,Spark Plug,Engine,Honda,320.0,อู่ซ่อมรถ,กรุงเทพมหานคร,15,320.0,48.0,272.0,Yes,5
ORD00596,2026-03-21,C0112,P019,2,Marketplace,โอนเงิน,Headlight,Electrical,Isuzu,1800.0,อู่ซ่อมรถ,กรุงเทพมหานคร,0,3600.0,0.0,3600.0,Yes,4
ORD00670,2026-03-21,C0070,P003,2,Website,บัตรเครดิต,Car Battery,Electrical,Toyota,2800.0,อู่ซ่อมรถ,ภูเก็ต,0,5600.0,0.0,5600.0,No,5
ORD00620,2026-03-21,C0162,P009,2,Website,บัตรเครดิต,Starter Motor,Electrical,Honda,4200.0,อู่ซ่อมรถ,นครราชสีมา,15,8400.0,1260.0,7140.0,Yes,3
ORD00599,2026-03-21,C0173,P011,3,Line OA,เก็บเงินปลายทาง,Brake Fluid,Brake,Nissan,280.0,อู่ซ่อมรถ,เชียงใหม่,0,840.0,0.0,840.0,No,3
ORD00474,2026-03-21,C0037,P012,2,Mobile App,บัตรเครดิต,Oil Filter,Engine,Nissan,250.0,เจ้าของรถ,ระยอง,0,500.0,0.0,500.0,No,4
ORD01429,2026-03-21,C0072,P004,4,Facebook,บัตรเครดิต,Air Filter,Engine,Toyota,450.0,เจ้าของรถ,ภูเก็ต,5,1800.0,90.0,1710.0,No,5
ORD00214,2026-03-21,C0221,P019,2,Website,PromptPay,Headlight,Electrical,Isuzu,1800.0,เจ้าของรถ,นครราชสีมา,0,3600.0,0.0,3600.0,No,4
ORD01232,2026-03-21,C0117,P014,1,Facebook,โอนเงิน,Clutch Set,Engine,Isuzu,3900.0,เจ้าของรถ,ชลบุรี,0,3900.0,0.0,3900.0,Yes,4
ORD01465,2026-03-22,C0206,P020,1,Marketplace,เก็บเงินปลายทาง,Wiper Blade,Exterior,Nissan,420.0,อู่ซ่อมรถ,นครราชสีมา,0,420.0,0.0,420.0,No,4
ORD00322,2026-03-22,C0126,P003,4,Marketplace,PromptPay,Car Battery,Electrical,Toyota,2800.0,เจ้าของรถ,ระยอง,0,11200.0,0.0,11200.0,No,4
ORD01722,2026-03-22,C0069,P018,1,Website,โอนเงิน,Fuel Pump,Engine,Toyota,2700.0,เจ้าของรถ,ฉะเชิงเทรา,0,2700.0,0.0,2700.0,Yes,4
ORD00479,2026-03-22,C0015,P006,2,Line OA,บัตรเครดิต,Ball Joint,Suspension,Isuzu,1250.0,เจ้าของรถ,ภูเก็ต,5,2500.0,125.0,2375.0,No,4
ORD01180,2026-03-22,C0190,P007,4,Marketplace,โอนเงิน,Shock Absorber,Suspension,Toyota,2200.0,เจ้าของรถ,นครราชสีมา,15,8800.0,1320.0,7480.0,Yes,4
ORD00010,2026-03-22,C0133,P008,3,Mobile App,เก็บเงินปลายทาง,Radiator,Cooling,Isuzu,3500.0,เจ้าของรถ,ขอนแก่น,15,10500.0,1575.0,8925.0,No,4
ORD01702,2026-03-22,C0046,P010,3,Website,บัตรเครดิต,AC Compressor,AC,Toyota,5800.0,ศูนย์บริการ,เชียงใหม่,5,17400.0,870.0,16530.0,Yes,4
ORD01662,2026-03-23,C0176,P016,4,Website,เก็บเงินปลายทาง,AC Filter,AC,Toyota,380.0,ศูนย์บริการ,ขอนแก่น,0,1520.0,0.0,1520.0,Yes,5
ORD01651,2026-03-23,C0051,P019,3,Facebook,บัตรเครดิต,Headlight,Electrical,Isuzu,1800.0,เจ้าของรถ,นครราชสีมา,15,5400.0,810.0,4590.0,Yes,4
ORD01756,2026-03-23,C0229,P008,1,Marketplace,บัตรเครดิต,Radiator,Cooling,Isuzu,3500.0,เจ้าของรถ,กรุงเทพมหานคร,5,3500.0,175.0,3325.0,No,4
ORD01721,2026-03-23,C0119,P003,3,Line OA,PromptPay,Car Battery,Electrical,Toyota,2800.0,เจ้าของรถ,เชียงใหม่,0,8400.0,0.0,8400.0,Yes,5
ORD00910,2026-03-23,C0171,P004,1,Website,โอนเงิน,Air Filter,Engine,Toyota,450.0,ร้านอะไหล่,ภูเก็ต,10,450.0,45.0,405.0,Yes,4
ORD01188,2026-03-24,C0133,P009,4,Website,โอนเงิน,Starter Motor,Electrical,Honda,4200.0,เจ้าของรถ,ขอนแก่น,0,16800.0,0.0,16800.0,Yes,5
ORD01669,2026-03-24,C0206,P009,1,Facebook,โอนเงิน,Starter Motor,Electrical,Honda,4200.0,อู่ซ่อมรถ,นครราชสีมา,0,4200.0,0.0,4200.0,No,4
ORD00489,2026-03-24,C0002,P008,1,Mobile App,บัตรเครดิต,Radiator,Cooling,Isuzu,3500.0,ร้านอะไหล่,ชลบุรี,0,3500.0,0.0,3500.0,No,4
ORD01788,2026-03-24,C0179,P019,2,Facebook,บัตรเครดิต,Headlight,Electrical,Isuzu,1800.0,อู่ซ่อมรถ,นครราชสีมา,10,3600.0,360.0,3240.0,No,3
ORD00751,2026-03-24,C0204,P004,4,Website,บัตรเครดิต,Air Filter,Engine,Toyota,450.0,อู่ซ่อมรถ,ขอนแก่น,5,1800.0,90.0,1710.0,Yes,4
ORD00769,2026-03-24,C0105,P020,1,Website,บัตรเครดิต,Wiper Blade,Exterior,Nissan,420.0,อู่ซ่อมรถ,เชียงใหม่,10,420.0,42.0,378.0,Yes,5
ORD01030,2026-03-24,C0075,P012,1,Website,โอนเงิน,Oil Filter,Engine,Nissan,250.0,เจ้าของรถ,ระยอง,10,250.0,25.0,225.0,No,4
ORD00324,2026-03-24,C0248,P003,1,Marketplace,บัตรเครดิต,Car Battery,Electrical,Toyota,2800.0,เจ้าของรถ,ชลบุรี,10,2800.0,280.0,2520.0,Yes,5
ORD01020,2026-03-24,C0024,P018,1,Marketplace,เก็บเงินปลายทาง,Fuel Pump,Engine,Toyota,2700.0,เจ้าของรถ,ชลบุรี,10,2700.0,270.0,2430.0,No,4
ORD00356,2026-03-24,C0171,P007,2,Mobile App,PromptPay,Shock Absorber,Suspension,Toyota,2200.0,ร้านอะไหล่,ภูเก็ต,0,4400.0,0.0,4400.0,Yes,4
ORD01282,2026-03-25,C0219,P001,1,Mobile App,บัตรเครดิต,Brake Pad,Brake,Toyota,850.0,เจ้าของรถ,ขอนแก่น,0,850.0,0.0,850.0,Yes,4
ORD01640,2026-03-25,C0247,P011,2,Line OA,บัตรเครดิต,Brake Fluid,Brake,Nissan,280.0,อู่ซ่อมรถ,ขอนแก่น,0,560.0,0.0,560.0,Yes,4
ORD00022,2026-03-25,C0061,P003,1,Marketplace,เก็บเงินปลายทาง,Car Battery,Electrical,Toyota,2800.0,เจ้าของรถ,กรุงเทพมหานคร,0,2800.0,0.0,2800.0,Yes,5
ORD01125,2026-03-25,C0015,P010,4,Line OA,PromptPay,AC Compressor,AC,Toyota,5800.0,เจ้าของรถ,ภูเก็ต,0,23200.0,0.0,23200.0,Yes,4
ORD00406,2026-03-25,C0130,P007,2,Website,PromptPay,Shock Absorber,Suspension,Toyota,2200.0,อู่ซ่อมรถ,นครราชสีมา,0,4400.0,0.0,4400.0,No,5
ORD00054,2026-03-26,C0077,P008,1,Mobile App,PromptPay,Radiator,Cooling,Isuzu,3500.0,อู่ซ่อมรถ,นครราชสีมา,5,3500.0,175.0,3325.0,No,4
ORD00585,2026-03-26,C0079,P004,1,Line OA,PromptPay,Air Filter,Engine,Toyota,450.0,อู่ซ่อมรถ,ระยอง,0,450.0,0.0,450.0,No,4
ORD01079,2026-03-26,C0106,P018,3,Mobile App,เก็บเงินปลายทาง,Fuel Pump,Engine,Toyota,2700.0,อู่ซ่อมรถ,ชลบุรี,0,8100.0,0.0,8100.0,Yes,4
ORD01435,2026-03-26,C0217,P017,1,Website,โอนเงิน,Wheel Bearing,Suspension,Honda,1450.0,เจ้าของรถ,กรุงเทพมหานคร,15,1450.0,217.5,1232.5,Yes,4
ORD01580,2026-03-26,C0064,P013,3,Facebook,โอนเงิน,Alternator,Electrical,Toyota,4800.0,อู่ซ่อมรถ,เชียงใหม่,10,14400.0,1440.0,12960.0,Yes,5
ORD00590,2026-03-27,C0113,P016,1,Facebook,โอนเงิน,AC Filter,AC,Toyota,380.0,เจ้าของรถ,กรุงเทพมหานคร,10,380.0,38.0,342.0,Yes,5
ORD01152,2026-03-27,C0024,P013,1,Line OA,บัตรเครดิต,Alternator,Electrical,Toyota,4800.0,เจ้าของรถ,ชลบุรี,15,4800.0,720.0,4080.0,No,4
ORD00062,2026-03-27,C0042,P007,2,Facebook,โอนเงิน,Shock Absorber,Suspension,Toyota,2200.0,ร้านอะไหล่,ชลบุรี,0,4400.0,0.0,4400.0,No,5
ORD01635,2026-03-27,C0178,P020,1,Marketplace,PromptPay,Wiper Blade,Exterior,Nissan,420.0,เจ้าของรถ,เชียงใหม่,0,420.0,0.0,420.0,Yes,5
ORD00101,2026-03-27,C0134,P018,1,Website,PromptPay,Fuel Pump,Engine,Toyota,2700.0,เจ้าของรถ,ขอนแก่น,15,2700.0,405.0,2295.0,No,4
ORD00763,2026-03-27,C0041,P009,3,Line OA,PromptPay,Starter Motor,Electrical,Honda,4200.0,ร้านอะไหล่,ฉะเชิงเทรา,10,12600.0,1260.0,11340.0,Yes,5
ORD01167,2026-03-28,C0156,P018,2,Marketplace,เก็บเงินปลายทาง,Fuel Pump,Engine,Toyota,2700.0,เจ้าของรถ,ระยอง,15,5400.0,810.0,4590.0,Yes,4
ORD00355,2026-03-28,C0176,P001,1,Mobile App,PromptPay,Brake Pad,Brake,Toyota,850.0,ศูนย์บริการ,ขอนแก่น,10,850.0,85.0,765.0,Yes,5
ORD00430,2026-03-28,C0197,P017,2,Marketplace,บัตรเครดิต,Wheel Bearing,Suspension,Honda,1450.0,เจ้าของรถ,เชียงใหม่,10,2900.0,290.0,2610.0,No,4
ORD00589,2026-03-28,C0068,P015,1,Website,โอนเงิน,Radiator Hose,Cooling,Honda,650.0,อู่ซ่อมรถ,ขอนแก่น,10,650.0,65.0,585.0,Yes,5
ORD00463,2026-03-28,C0210,P018,1,Facebook,PromptPay,Fuel Pump,Engine,Toyota,2700.0,ร้านอะไหล่,ฉะเชิงเทรา,0,2700.0,0.0,2700.0,No,3
ORD01343,2026-03-28,C0205,P001,1,Website,เก็บเงินปลายทาง,Brake Pad,Brake,Toyota,850.0,เจ้าของรถ,ภูเก็ต,15,850.0,127.5,722.5,Yes,3
ORD00570,2026-03-28,C0045,P003,1,Website,เก็บเงินปลายทาง,Car Battery,Electrical,Toyota,2800.0,เจ้าของรถ,เชียงใหม่,5,2800.0,140.0,2660.0,No,5
ORD00160,2026-03-28,C0190,P019,2,Line OA,บัตรเครดิต,Headlight,Electrical,Isuzu,1800.0,เจ้าของรถ,นครราชสีมา,0,3600.0,0.0,3600.0,No,5
ORD01675,2026-03-28,C0060,P008,4,Marketplace,โอนเงิน,Radiator,Cooling,Isuzu,3500.0,อู่ซ่อมรถ,นครราชสีมา,10,14000.0,1400.0,12600.0,Yes,5
ORD01778,2026-03-28,C0024,P018,4,Website,เก็บเงินปลายทาง,Fuel Pump,Engine,Toyota,2700.0,เจ้าของรถ,ชลบุรี,5,10800.0,540.0,10260.0,Yes,3
ORD00202,2026-03-28,C0137,P006,4,Website,PromptPay,Ball Joint,Suspension,Isuzu,1250.0,ร้านอะไหล่,นครราชสีมา,0,5000.0,0.0,5000.0,Yes,3
ORD00436,2026-03-28,C0026,P007,4,Marketplace,PromptPay,Shock Absorber,Suspension,Toyota,2200.0,เจ้าของรถ,นครราชสีมา,0,8800.0,0.0,8800.0,Yes,4
ORD00878,2026-03-28,C0203,P005,4,Marketplace,บัตรเครดิต,Spark Plug,Engine,Honda,320.0,เจ้าของรถ,ชลบุรี,0,1280.0,0.0,1280.0,Yes,4
ORD00052,2026-03-28,C0130,P002,2,Website,เก็บเงินปลายทาง,Brake Disc,Brake,Honda,1650.0,อู่ซ่อมรถ,นครราชสีมา,0,3300.0,0.0,3300.0,Yes,5
ORD00033,2026-03-29,C0163,P020,3,Website,โอนเงิน,Wiper Blade,Exterior,Nissan,420.0,เจ้าของรถ,ขอนแก่น,5,1260.0,63.0,1197.0,No,5
ORD01142,2026-03-29,C0107,P002,1,Mobile App,เก็บเงินปลายทาง,Brake Disc,Brake,Honda,1650.0,เจ้าของรถ,เชียงใหม่,5,1650.0,82.5,1567.5,No,5
ORD00776,2026-03-29,C0123,P002,4,Marketplace,บัตรเครดิต,Brake Disc,Brake,Honda,1650.0,เจ้าของรถ,ชลบุรี,0,6600.0,0.0,6600.0,No,4
ORD00795,2026-03-29,C0242,P003,2,Website,PromptPay,Car Battery,Electrical,Toyota,2800.0,เจ้าของรถ,นครราชสีมา,5,5600.0,280.0,5320.0,No,5
ORD00287,2026-03-29,C0157,P012,3,Mobile App,โอนเงิน,Oil Filter,Engine,Nissan,250.0,เจ้าของรถ,ภูเก็ต,10,750.0,75.0,675.0,Yes,5
ORD00665,2026-03-29,C0007,P001,2,Website,เก็บเงินปลายทาง,Brake Pad,Brake,Toyota,850.0,เจ้าของรถ,นครราชสีมา,0,1700.0,0.0,1700.0,No,5
ORD00381,2026-03-29,C0243,P019,1,Marketplace,บัตรเครดิต,Headlight,Electrical,Isuzu,1800.0,อู่ซ่อมรถ,ระยอง,0,1800.0,0.0,1800.0,Yes,5
ORD00307,2026-03-29,C0184,P002,2,Website,บัตรเครดิต,Brake Disc,Brake,Honda,1650.0,อู่ซ่อมรถ,ขอนแก่น,5,3300.0,165.0,3135.0,No,5
ORD00072,2026-03-29,C0162,P005,1,Mobile App,โอนเงิน,Spark Plug,Engine,Honda,320.0,อู่ซ่อมรถ,นครราชสีมา,0,320.0,0.0,320.0,Yes,4
ORD01585,2026-03-30,C0080,P008,4,Website,PromptPay,Radiator,Cooling,Isuzu,3500.0,เจ้าของรถ,ขอนแก่น,0,14000.0,0.0,14000.0,Yes,4
ORD01698,2026-03-30,C0180,P018,1,Website,โอนเงิน,Fuel Pump,Engine,Toyota,2700.0,อู่ซ่อมรถ,ภูเก็ต,0,2700.0,0.0,2700.0,Yes,4
ORD00024,2026-03-30,C0191,P014,4,Mobile App,โอนเงิน,Clutch Set,Engine,Isuzu,3900.0,เจ้าของรถ,เชียงใหม่,0,15600.0,0.0,15600.0,Yes,4
ORD00541,2026-03-30,C0117,P019,1,Website,บัตรเครดิต,Headlight,Electrical,Isuzu,1800.0,เจ้าของรถ,ชลบุรี,0,1800.0,0.0,1800.0,Yes,4
ORD00660,2026-03-30,C0248,P001,2,Mobile App,โอนเงิน,Brake Pad,Brake,Toyota,850.0,เจ้าของรถ,ชลบุรี,0,1700.0,0.0,1700.0,No,4
ORD00925,2026-03-30,C0072,P018,1,Website,เก็บเงินปลายทาง,Fuel Pump,Engine,Toyota,2700.0,เจ้าของรถ,ภูเก็ต,10,2700.0,270.0,2430.0,Yes,4
ORD00816,2026-03-30,C0213,P006,2,Marketplace,PromptPay,Ball Joint,Suspension,Isuzu,1250.0,เจ้าของรถ,ภูเก็ต,10,2500.0,250.0,2250.0,Yes,5
ORD01716,2026-03-30,C0167,P012,2,Line OA,บัตรเครดิต,Oil Filter,Engine,Nissan,250.0,อู่ซ่อมรถ,กรุงเทพมหานคร,10,500.0,50.0,450.0,Yes,3
ORD00433,2026-03-30,C0096,P001,1,Line OA,เก็บเงินปลายทาง,Brake Pad,Brake,Toyota,850.0,เจ้าของรถ,กรุงเทพมหานคร,10,850.0,85.0,765.0,No,5
ORD00805,2026-03-30,C0133,P017,2,Line OA,เก็บเงินปลายทาง,Wheel Bearing,Suspension,Honda,1450.0,เจ้าของรถ,ขอนแก่น,0,2900.0,0.0,2900.0,No,4
ORD00964,2026-03-30,C0176,P016,1,Marketplace,เก็บเงินปลายทาง,AC Filter,AC,Toyota,380.0,ศูนย์บริการ,ขอนแก่น,0,380.0,0.0,380.0,No,4
ORD01308,2026-03-30,C0247,P016,1,Website,บัตรเครดิต,AC Filter,AC,Toyota,380.0,อู่ซ่อมรถ,ขอนแก่น,0,380.0,0.0,380.0,Yes,3
ORD01621,2026-03-31,C0224,P013,1,Mobile App,บัตรเครดิต,Alternator,Electrical,Toyota,4800.0,เจ้าของรถ,ฉะเชิงเทรา,0,4800.0,0.0,4800.0,No,3
ORD01546,2026-03-31,C0250,P017,1,Website,PromptPay,Wheel Bearing,Suspension,Honda,1450.0,อู่ซ่อมรถ,ภูเก็ต,5,1450.0,72.5,1377.5,No,3
ORD01500,2026-03-31,C0180,P014,1,Website,โอนเงิน,Clutch Set,Engine,Isuzu,3900.0,อู่ซ่อมรถ,ภูเก็ต,10,3900.0,390.0,3510.0,Yes,4
ORD01647,2026-03-31,C0094,P004,2,Marketplace,โอนเงิน,Air Filter,Engine,Toyota,450.0,เจ้าของรถ,ภูเก็ต,10,900.0,90.0,810.0,Yes,4
ORD01798,2026-03-31,C0135,P004,2,Website,PromptPay,Air Filter,Engine,Toyota,450.0,เจ้าของรถ,ชลบุรี,10,900.0,90.0,810.0,Yes,5
ORD00092,2026-04-01,C0040,P009,1,Website,PromptPay,Starter Motor,Electrical,Honda,4200.0,ร้านอะไหล่,ภูเก็ต,5,4200.0,210.0,3990.0,Yes,4
ORD00681,2026-04-01,C0066,P002,3,Website,โอนเงิน,Brake Disc,Brake,Honda,1650.0,เจ้าของรถ,ชลบุรี,10,4950.0,495.0,4455.0,Yes,5
ORD01461,2026-04-01,C0139,P006,1,Facebook,เก็บเงินปลายทาง,Ball Joint,Suspension,Isuzu,1250.0,อู่ซ่อมรถ,ระยอง,0,1250.0,0.0,1250.0,Yes,5
ORD00431,2026-04-01,C0025,P005,2,Mobile App,โอนเงิน,Spark Plug,Engine,Honda,320.0,เจ้าของรถ,ขอนแก่น,0,640.0,0.0,640.0,Yes,4
ORD00220,2026-04-01,C0241,P007,1,Facebook,โอนเงิน,Shock Absorber,Suspension,Toyota,2200.0,เจ้าของรถ,ขอนแก่น,0,2200.0,0.0,2200.0,No,5
ORD01609,2026-04-02,C0053,P007,1,Mobile App,เก็บเงินปลายทาง,Shock Absorber,Suspension,Toyota,2200.0,ร้านอะไหล่,นครราชสีมา,0,2200.0,0.0,2200.0,Yes,4
ORD00855,2026-04-02,C0247,P008,4,Mobile App,บัตรเครดิต,Radiator,Cooling,Isuzu,3500.0,อู่ซ่อมรถ,ขอนแก่น,5,14000.0,700.0,13300.0,No,5
ORD01695,2026-04-02,C0202,P003,4,Mobile App,เก็บเงินปลายทาง,Car Battery,Electrical,Toyota,2800.0,อู่ซ่อมรถ,ฉะเชิงเทรา,0,11200.0,0.0,11200.0,No,4
ORD00268,2026-04-02,C0129,P011,4,Mobile App,โอนเงิน,Brake Fluid,Brake,Nissan,280.0,เจ้าของรถ,นครราชสีมา,0,1120.0,0.0,1120.0,No,4
ORD01108,2026-04-02,C0126,P016,2,Facebook,โอนเงิน,AC Filter,AC,Toyota,380.0,เจ้าของรถ,ระยอง,5,760.0,38.0,722.0,Yes,4
ORD00668,2026-04-03,C0014,P002,3,Mobile App,เก็บเงินปลายทาง,Brake Disc,Brake,Honda,1650.0,เจ้าของรถ,นครราชสีมา,0,4950.0,0.0,4950.0,Yes,4
ORD00891,2026-04-03,C0077,P003,1,Website,โอนเงิน,Car Battery,Electrical,Toyota,2800.0,อู่ซ่อมรถ,นครราชสีมา,0,2800.0,0.0,2800.0,No,3
ORD00664,2026-04-03,C0216,P007,1,Line OA,บัตรเครดิต,Shock Absorber,Suspension,Toyota,2200.0,ร้านอะไหล่,เชียงใหม่,0,2200.0,0.0,2200.0,No,4
ORD01730,2026-04-03,C0180,P008,2,Mobile App,เก็บเงินปลายทาง,Radiator,Cooling,Isuzu,3500.0,อู่ซ่อมรถ,ภูเก็ต,0,7000.0,0.0,7000.0,Yes,4
ORD00623,2026-04-03,C0067,P012,1,Mobile App,PromptPay,Oil Filter,Engine,Nissan,250.0,เจ้าของรถ,ฉะเชิงเทรา,0,250.0,0.0,250.0,Yes,4
ORD01238,2026-04-03,C0026,P003,3,Mobile App,เก็บเงินปลายทาง,Car Battery,Electrical,Toyota,2800.0,เจ้าของรถ,นครราชสีมา,15,8400.0,1260.0,7140.0,No,5
ORD00360,2026-04-03,C0207,P002,1,Line OA,เก็บเงินปลายทาง,Brake Disc,Brake,Honda,1650.0,ศูนย์บริการ,กรุงเทพมหานคร,5,1650.0,82.5,1567.5,Yes,4
ORD01221,2026-04-03,C0221,P008,1,Mobile App,เก็บเงินปลายทาง,Radiator,Cooling,Isuzu,3500.0,เจ้าของรถ,นครราชสีมา,0,3500.0,0.0,3500.0,Yes,4
ORD00166,2026-04-03,C0096,P006,4,Marketplace,PromptPay,Ball Joint,Suspension,Isuzu,1250.0,เจ้าของรถ,กรุงเทพมหานคร,0,5000.0,0.0,5000.0,No,5
ORD01549,2026-04-03,C0210,P014,4,Line OA,โอนเงิน,Clutch Set,Engine,Isuzu,3900.0,ร้านอะไหล่,ฉะเชิงเทรา,10,15600.0,1560.0,14040.0,No,3
ORD01189,2026-04-03,C0157,P005,1,Marketplace,โอนเงิน,Spark Plug,Engine,Honda,320.0,เจ้าของรถ,ภูเก็ต,10,320.0,32.0,288.0,Yes,5
ORD01476,2026-04-03,C0175,P011,1,Website,บัตรเครดิต,Brake Fluid,Brake,Nissan,280.0,อู่ซ่อมรถ,กรุงเทพมหานคร,15,280.0,42.0,238.0,Yes,4
ORD00793,2026-04-03,C0177,P016,2,Line OA,PromptPay,AC Filter,AC,Toyota,380.0,เจ้าของรถ,ชลบุรี,0,760.0,0.0,760.0,Yes,5
ORD01136,2026-04-04,C0013,P007,2,Website,เก็บเงินปลายทาง,Shock Absorber,Suspension,Toyota,2200.0,เจ้าของรถ,ภูเก็ต,15,4400.0,660.0,3740.0,No,5
ORD00332,2026-04-04,C0200,P008,1,Website,บัตรเครดิต,Radiator,Cooling,Isuzu,3500.0,อู่ซ่อมรถ,ภูเก็ต,15,3500.0,525.0,2975.0,No,3
ORD00335,2026-04-04,C0067,P009,3,Mobile App,เก็บเงินปลายทาง,Starter Motor,Electrical,Honda,4200.0,เจ้าของรถ,ฉะเชิงเทรา,0,12600.0,0.0,12600.0,Yes,3
ORD00304,2026-04-04,C0196,P011,3,Website,โอนเงิน,Brake Fluid,Brake,Nissan,280.0,เจ้าของรถ,ขอนแก่น,0,840.0,0.0,840.0,Yes,5
ORD00983,2026-04-04,C0097,P008,1,Mobile App,PromptPay,Radiator,Cooling,Isuzu,3500.0,เจ้าของรถ,ขอนแก่น,5,3500.0,175.0,3325.0,Yes,4
ORD00005,2026-04-04,C0044,P017,3,Mobile App,บัตรเครดิต,Wheel Bearing,Suspension,Honda,1450.0,เจ้าของรถ,กรุงเทพมหานคร,5,4350.0,217.5,4132.5,No,4
ORD00757,2026-04-05,C0243,P012,4,Marketplace,PromptPay,Oil Filter,Engine,Nissan,250.0,อู่ซ่อมรถ,ระยอง,0,1000.0,0.0,1000.0,No,3
ORD00725,2026-04-05,C0080,P013,2,Website,เก็บเงินปลายทาง,Alternator,Electrical,Toyota,4800.0,เจ้าของรถ,ขอนแก่น,15,9600.0,1440.0,8160.0,Yes,3
ORD01202,2026-04-05,C0228,P003,2,Website,เก็บเงินปลายทาง,Car Battery,Electrical,Toyota,2800.0,ร้านอะไหล่,ภูเก็ต,15,5600.0,840.0,4760.0,No,4
ORD01148,2026-04-05,C0109,P004,1,Mobile App,PromptPay,Air Filter,Engine,Toyota,450.0,เจ้าของรถ,ฉะเชิงเทรา,0,450.0,0.0,450.0,Yes,4
ORD00015,2026-04-05,C0241,P016,1,Website,เก็บเงินปลายทาง,AC Filter,AC,Toyota,380.0,เจ้าของรถ,ขอนแก่น,5,380.0,19.0,361.0,Yes,3
ORD01706,2026-04-05,C0204,P013,4,Website,โอนเงิน,Alternator,Electrical,Toyota,4800.0,อู่ซ่อมรถ,ขอนแก่น,0,19200.0,0.0,19200.0,Yes,4
ORD00955,2026-04-05,C0163,P012,4,Mobile App,โอนเงิน,Oil Filter,Engine,Nissan,250.0,เจ้าของรถ,ขอนแก่น,10,1000.0,100.0,900.0,Yes,5
ORD01795,2026-04-05,C0002,P006,1,Line OA,PromptPay,Ball Joint,Suspension,Isuzu,1250.0,ร้านอะไหล่,ชลบุรี,0,1250.0,0.0,1250.0,Yes,3
ORD00041,2026-04-06,C0081,P013,1,Facebook,PromptPay,Alternator,Electrical,Toyota,4800.0,ร้านอะไหล่,ขอนแก่น,15,4800.0,720.0,4080.0,Yes,5
ORD00982,2026-04-06,C0222,P001,1,Marketplace,บัตรเครดิต,Brake Pad,Brake,Toyota,850.0,อู่ซ่อมรถ,กรุงเทพมหานคร,5,850.0,42.5,807.5,No,5
ORD00619,2026-04-06,C0078,P003,3,Mobile App,PromptPay,Car Battery,Electrical,Toyota,2800.0,เจ้าของรถ,ฉะเชิงเทรา,0,8400.0,0.0,8400.0,No,4
ORD01143,2026-04-06,C0168,P005,1,Facebook,บัตรเครดิต,Spark Plug,Engine,Honda,320.0,เจ้าของรถ,ระยอง,0,320.0,0.0,320.0,Yes,4
ORD01044,2026-04-06,C0035,P008,3,Website,บัตรเครดิต,Radiator,Cooling,Isuzu,3500.0,เจ้าของรถ,ฉะเชิงเทรา,10,10500.0,1050.0,9450.0,No,4
ORD00447,2026-04-06,C0206,P002,4,Facebook,โอนเงิน,Brake Disc,Brake,Honda,1650.0,อู่ซ่อมรถ,นครราชสีมา,10,6600.0,660.0,5940.0,No,4
ORD00437,2026-04-06,C0215,P010,2,Mobile App,เก็บเงินปลายทาง,AC Compressor,AC,Toyota,5800.0,เจ้าของรถ,เชียงใหม่,15,11600.0,1740.0,9860.0,No,4
ORD00147,2026-04-06,C0209,P014,2,Facebook,PromptPay,Clutch Set,Engine,Isuzu,3900.0,เจ้าของรถ,ฉะเชิงเทรา,0,7800.0,0.0,7800.0,Yes,5
ORD00334,2026-04-07,C0078,P007,3,Mobile App,บัตรเครดิต,Shock Absorber,Suspension,Toyota,2200.0,เจ้าของรถ,ฉะเชิงเทรา,10,6600.0,660.0,5940.0,Yes,5
ORD00183,2026-04-07,C0246,P017,1,Website,เก็บเงินปลายทาง,Wheel Bearing,Suspension,Honda,1450.0,เจ้าของรถ,กรุงเทพมหานคร,0,1450.0,0.0,1450.0,No,5
ORD01592,2026-04-07,C0187,P009,3,Mobile App,โอนเงิน,Starter Motor,Electrical,Honda,4200.0,เจ้าของรถ,ภูเก็ต,15,12600.0,1890.0,10710.0,No,4
ORD01286,2026-04-07,C0092,P004,2,Marketplace,โอนเงิน,Air Filter,Engine,Toyota,450.0,เจ้าของรถ,ฉะเชิงเทรา,15,900.0,135.0,765.0,No,4
ORD00901,2026-04-07,C0004,P013,1,Website,เก็บเงินปลายทาง,Alternator,Electrical,Toyota,4800.0,อู่ซ่อมรถ,ขอนแก่น,10,4800.0,480.0,4320.0,Yes,3
ORD01458,2026-04-07,C0061,P014,1,Mobile App,PromptPay,Clutch Set,Engine,Isuzu,3900.0,เจ้าของรถ,กรุงเทพมหานคร,0,3900.0,0.0,3900.0,No,5
ORD00366,2026-04-07,C0222,P003,4,Website,เก็บเงินปลายทาง,Car Battery,Electrical,Toyota,2800.0,อู่ซ่อมรถ,กรุงเทพมหานคร,15,11200.0,1680.0,9520.0,Yes,4
ORD01107,2026-04-07,C0023,P018,1,Facebook,เก็บเงินปลายทาง,Fuel Pump,Engine,Toyota,2700.0,เจ้าของรถ,นครราชสีมา,5,2700.0,135.0,2565.0,Yes,4
ORD01785,2026-04-08,C0248,P011,1,Website,บัตรเครดิต,Brake Fluid,Brake,Nissan,280.0,เจ้าของรถ,ชลบุรี,15,280.0,42.0,238.0,No,5
ORD00705,2026-04-08,C0086,P007,2,Website,เก็บเงินปลายทาง,Shock Absorber,Suspension,Toyota,2200.0,ร้านอะไหล่,นครราชสีมา,0,4400.0,0.0,4400.0,Yes,5
ORD00148,2026-04-08,C0166,P006,4,Marketplace,บัตรเครดิต,Ball Joint,Suspension,Isuzu,1250.0,ศูนย์บริการ,กรุงเทพมหานคร,0,5000.0,0.0,5000.0,No,4
ORD00365,2026-04-08,C0160,P015,1,Facebook,โอนเงิน,Radiator Hose,Cooling,Honda,650.0,อู่ซ่อมรถ,ชลบุรี,10,650.0,65.0,585.0,Yes,4
ORD00675,2026-04-08,C0189,P011,3,Line OA,โอนเงิน,Brake Fluid,Brake,Nissan,280.0,เจ้าของรถ,ชลบุรี,10,840.0,84.0,756.0,Yes,4
ORD00477,2026-04-08,C0154,P012,2,Line OA,โอนเงิน,Oil Filter,Engine,Nissan,250.0,อู่ซ่อมรถ,ระยอง,15,500.0,75.0,425.0,Yes,5
ORD00203,2026-04-09,C0178,P008,1,Line OA,เก็บเงินปลายทาง,Radiator,Cooling,Isuzu,3500.0,เจ้าของรถ,เชียงใหม่,0,3500.0,0.0,3500.0,No,5
ORD00869,2026-04-09,C0080,P007,4,Mobile App,PromptPay,Shock Absorber,Suspension,Toyota,2200.0,เจ้าของรถ,ขอนแก่น,0,8800.0,0.0,8800.0,Yes,3
ORD01445,2026-04-09,C0048,P009,2,Line OA,เก็บเงินปลายทาง,Starter Motor,Electrical,Honda,4200.0,ศูนย์บริการ,ชลบุรี,0,8400.0,0.0,8400.0,Yes,3
ORD01583,2026-04-09,C0191,P011,4,Website,บัตรเครดิต,Brake Fluid,Brake,Nissan,280.0,เจ้าของรถ,เชียงใหม่,0,1120.0,0.0,1120.0,Yes,4
ORD01739,2026-04-09,C0170,P001,1,Marketplace,โอนเงิน,Brake Pad,Brake,Toyota,850.0,เจ้าของรถ,ขอนแก่น,0,850.0,0.0,850.0,Yes,3
ORD01743,2026-04-10,C0104,P012,1,Marketplace,เก็บเงินปลายทาง,Oil Filter,Engine,Nissan,250.0,เจ้าของรถ,ภูเก็ต,0,250.0,0.0,250.0,Yes,4
ORD01415,2026-04-10,C0245,P009,1,Website,เก็บเงินปลายทาง,Starter Motor,Electrical,Honda,4200.0,เจ้าของรถ,เชียงใหม่,5,4200.0,210.0,3990.0,Yes,4
ORD00490,2026-04-10,C0025,P010,1,Marketplace,โอนเงิน,AC Compressor,AC,Toyota,5800.0,เจ้าของรถ,ขอนแก่น,0,5800.0,0.0,5800.0,Yes,5
ORD00008,2026-04-10,C0053,P003,1,Marketplace,PromptPay,Car Battery,Electrical,Toyota,2800.0,ร้านอะไหล่,นครราชสีมา,5,2800.0,140.0,2660.0,No,5
ORD01563,2026-04-10,C0144,P004,1,Facebook,โอนเงิน,Air Filter,Engine,Toyota,450.0,ร้านอะไหล่,ขอนแก่น,5,450.0,22.5,427.5,No,4
ORD01123,2026-04-10,C0046,P005,3,Website,บัตรเครดิต,Spark Plug,Engine,Honda,320.0,ศูนย์บริการ,เชียงใหม่,0,960.0,0.0,960.0,Yes,5
ORD00259,2026-04-10,C0247,P005,2,Mobile App,บัตรเครดิต,Spark Plug,Engine,Honda,320.0,อู่ซ่อมรถ,ขอนแก่น,15,640.0,96.0,544.0,No,4
ORD00934,2026-04-10,C0185,P007,4,Website,บัตรเครดิต,Shock Absorber,Suspension,Toyota,2200.0,อู่ซ่อมรถ,ชลบุรี,0,8800.0,0.0,8800.0,Yes,5
ORD01541,2026-04-11,C0086,P017,4,Mobile App,บัตรเครดิต,Wheel Bearing,Suspension,Honda,1450.0,ร้านอะไหล่,นครราชสีมา,0,5800.0,0.0,5800.0,No,4
ORD00895,2026-04-11,C0014,P020,1,Marketplace,บัตรเครดิต,Wiper Blade,Exterior,Nissan,420.0,เจ้าของรถ,นครราชสีมา,15,420.0,63.0,357.0,Yes,5
ORD00914,2026-04-11,C0217,P010,2,Marketplace,เก็บเงินปลายทาง,AC Compressor,AC,Toyota,5800.0,เจ้าของรถ,กรุงเทพมหานคร,0,11600.0,0.0,11600.0,No,4
ORD01332,2026-04-11,C0144,P014,1,Line OA,โอนเงิน,Clutch Set,Engine,Isuzu,3900.0,ร้านอะไหล่,ขอนแก่น,10,3900.0,390.0,3510.0,No,5
ORD00924,2026-04-11,C0106,P001,1,Marketplace,บัตรเครดิต,Brake Pad,Brake,Toyota,850.0,อู่ซ่อมรถ,ชลบุรี,0,850.0,0.0,850.0,No,3
ORD01758,2026-04-11,C0222,P019,3,Website,โอนเงิน,Headlight,Electrical,Isuzu,1800.0,อู่ซ่อมรถ,กรุงเทพมหานคร,10,5400.0,540.0,4860.0,Yes,4
ORD01748,2026-04-12,C0173,P001,1,Website,PromptPay,Brake Pad,Brake,Toyota,850.0,อู่ซ่อมรถ,เชียงใหม่,10,850.0,85.0,765.0,Yes,5
ORD00141,2026-04-12,C0047,P017,4,Line OA,PromptPay,Wheel Bearing,Suspension,Honda,1450.0,อู่ซ่อมรถ,ระยอง,0,5800.0,0.0,5800.0,Yes,4
ORD00032,2026-04-12,C0063,P015,2,Website,บัตรเครดิต,Radiator Hose,Cooling,Honda,650.0,อู่ซ่อมรถ,ชลบุรี,5,1300.0,65.0,1235.0,Yes,4
ORD00272,2026-04-12,C0135,P010,1,Facebook,PromptPay,AC Compressor,AC,Toyota,5800.0,เจ้าของรถ,ชลบุรี,15,5800.0,870.0,4930.0,Yes,5
ORD01051,2026-04-12,C0042,P017,3,Website,PromptPay,Wheel Bearing,Suspension,Honda,1450.0,ร้านอะไหล่,ชลบุรี,15,4350.0,652.5,3697.5,No,5
ORD01646,2026-04-12,C0076,P004,1,Line OA,โอนเงิน,Air Filter,Engine,Toyota,450.0,เจ้าของรถ,นครราชสีมา,0,450.0,0.0,450.0,Yes,4
ORD01024,2026-04-13,C0111,P010,4,Line OA,บัตรเครดิต,AC Compressor,AC,Toyota,5800.0,ร้านอะไหล่,ขอนแก่น,0,23200.0,0.0,23200.0,No,5
ORD00367,2026-04-13,C0198,P015,1,Marketplace,โอนเงิน,Radiator Hose,Cooling,Honda,650.0,เจ้าของรถ,ชลบุรี,10,650.0,65.0,585.0,Yes,5
ORD00462,2026-04-13,C0247,P011,1,Website,PromptPay,Brake Fluid,Brake,Nissan,280.0,อู่ซ่อมรถ,ขอนแก่น,0,280.0,0.0,280.0,Yes,5
ORD00962,2026-04-13,C0016,P015,1,Line OA,โอนเงิน,Radiator Hose,Cooling,Honda,650.0,เจ้าของรถ,ฉะเชิงเทรา,0,650.0,0.0,650.0,Yes,5
ORD00111,2026-04-13,C0184,P015,2,Mobile App,โอนเงิน,Radiator Hose,Cooling,Honda,650.0,อู่ซ่อมรถ,ขอนแก่น,10,1300.0,130.0,1170.0,No,4
ORD00609,2026-04-13,C0134,P003,1,Website,บัตรเครดิต,Car Battery,Electrical,Toyota,2800.0,เจ้าของรถ,ขอนแก่น,15,2800.0,420.0,2380.0,Yes,4
ORD00046,2026-04-13,C0071,P016,1,Mobile App,บัตรเครดิต,AC Filter,AC,Toyota,380.0,ศูนย์บริการ,กรุงเทพมหานคร,0,380.0,0.0,380.0,Yes,5
ORD01424,2026-04-13,C0011,P010,1,Website,โอนเงิน,AC Compressor,AC,Toyota,5800.0,เจ้าของรถ,นครราชสีมา,0,5800.0,0.0,5800.0,Yes,4
ORD00926,2026-04-13,C0221,P016,1,Marketplace,เก็บเงินปลายทาง,AC Filter,AC,Toyota,380.0,เจ้าของรถ,นครราชสีมา,0,380.0,0.0,380.0,No,4
ORD00782,2026-04-14,C0223,P009,1,Mobile App,เก็บเงินปลายทาง,Starter Motor,Electrical,Honda,4200.0,เจ้าของรถ,เชียงใหม่,15,4200.0,630.0,3570.0,No,5
ORD01715,2026-04-14,C0064,P003,1,Mobile App,เก็บเงินปลายทาง,Car Battery,Electrical,Toyota,2800.0,อู่ซ่อมรถ,เชียงใหม่,0,2800.0,0.0,2800.0,No,3
ORD01569,2026-04-14,C0034,P013,2,Marketplace,เก็บเงินปลายทาง,Alternator,Electrical,Toyota,4800.0,อู่ซ่อมรถ,นครราชสีมา,0,9600.0,0.0,9600.0,Yes,3
ORD00581,2026-04-15,C0219,P020,4,Mobile App,บัตรเครดิต,Wiper Blade,Exterior,Nissan,420.0,เจ้าของรถ,ขอนแก่น,0,1680.0,0.0,1680.0,No,4
ORD00558,2026-04-15,C0133,P017,3,Mobile App,เก็บเงินปลายทาง,Wheel Bearing,Suspension,Honda,1450.0,เจ้าของรถ,ขอนแก่น,15,4350.0,652.5,3697.5,Yes,3
ORD00663,2026-04-15,C0178,P001,1,Facebook,PromptPay,Brake Pad,Brake,Toyota,850.0,เจ้าของรถ,เชียงใหม่,5,850.0,42.5,807.5,Yes,5
ORD01673,2026-04-15,C0076,P002,1,Line OA,โอนเงิน,Brake Disc,Brake,Honda,1650.0,เจ้าของรถ,นครราชสีมา,5,1650.0,82.5,1567.5,No,5
ORD00084,2026-04-15,C0217,P005,1,Line OA,โอนเงิน,Spark Plug,Engine,Honda,320.0,เจ้าของรถ,กรุงเทพมหานคร,10,320.0,32.0,288.0,No,5
ORD01211,2026-04-15,C0080,P007,1,Marketplace,PromptPay,Shock Absorber,Suspension,Toyota,2200.0,เจ้าของรถ,ขอนแก่น,5,2200.0,110.0,2090.0,No,5
ORD00850,2026-04-15,C0037,P003,4,Line OA,เก็บเงินปลายทาง,Car Battery,Electrical,Toyota,2800.0,เจ้าของรถ,ระยอง,0,11200.0,0.0,11200.0,Yes,4
ORD01303,2026-04-16,C0001,P014,2,Facebook,PromptPay,Clutch Set,Engine,Isuzu,3900.0,ร้านอะไหล่,ฉะเชิงเทรา,15,7800.0,1170.0,6630.0,Yes,4
ORD00781,2026-04-16,C0024,P017,3,Website,บัตรเครดิต,Wheel Bearing,Suspension,Honda,1450.0,เจ้าของรถ,ชลบุรี,10,4350.0,435.0,3915.0,Yes,3
ORD00040,2026-04-16,C0120,P013,1,Mobile App,เก็บเงินปลายทาง,Alternator,Electrical,Toyota,4800.0,เจ้าของรถ,ภูเก็ต,0,4800.0,0.0,4800.0,No,4
ORD01008,2026-04-16,C0054,P008,2,Website,โอนเงิน,Radiator,Cooling,Isuzu,3500.0,เจ้าของรถ,ฉะเชิงเทรา,0,7000.0,0.0,7000.0,Yes,5
ORD01061,2026-04-16,C0062,P011,1,Website,บัตรเครดิต,Brake Fluid,Brake,Nissan,280.0,เจ้าของรถ,ภูเก็ต,0,280.0,0.0,280.0,Yes,4
ORD01513,2026-04-16,C0114,P010,3,Mobile App,เก็บเงินปลายทาง,AC Compressor,AC,Toyota,5800.0,ร้านอะไหล่,กรุงเทพมหานคร,0,17400.0,0.0,17400.0,Yes,5
ORD00205,2026-04-16,C0164,P006,3,Mobile App,โอนเงิน,Ball Joint,Suspension,Isuzu,1250.0,ศูนย์บริการ,นครราชสีมา,0,3750.0,0.0,3750.0,Yes,5
ORD01442,2026-04-16,C0181,P014,4,Mobile App,PromptPay,Clutch Set,Engine,Isuzu,3900.0,เจ้าของรถ,ฉะเชิงเทรา,0,15600.0,0.0,15600.0,Yes,4
ORD00169,2026-04-17,C0002,P015,1,Website,โอนเงิน,Radiator Hose,Cooling,Honda,650.0,ร้านอะไหล่,ชลบุรี,0,650.0,0.0,650.0,Yes,3
ORD01505,2026-04-17,C0057,P011,2,Mobile App,บัตรเครดิต,Brake Fluid,Brake,Nissan,280.0,เจ้าของรถ,ฉะเชิงเทรา,5,560.0,28.0,532.0,Yes,3
ORD00712,2026-04-17,C0051,P019,1,Mobile App,เก็บเงินปลายทาง,Headlight,Electrical,Isuzu,1800.0,เจ้าของรถ,นครราชสีมา,10,1800.0,180.0,1620.0,Yes,4
ORD00797,2026-04-17,C0179,P015,2,Facebook,PromptPay,Radiator Hose,Cooling,Honda,650.0,อู่ซ่อมรถ,นครราชสีมา,5,1300.0,65.0,1235.0,Yes,5
ORD01168,2026-04-17,C0167,P003,3,Line OA,เก็บเงินปลายทาง,Car Battery,Electrical,Toyota,2800.0,อู่ซ่อมรถ,กรุงเทพมหานคร,0,8400.0,0.0,8400.0,Yes,5
ORD00726,2026-04-17,C0090,P009,3,Facebook,เก็บเงินปลายทาง,Starter Motor,Electrical,Honda,4200.0,เจ้าของรถ,กรุงเทพมหานคร,0,12600.0,0.0,12600.0,Yes,4
ORD00576,2026-04-17,C0111,P004,1,Mobile App,เก็บเงินปลายทาง,Air Filter,Engine,Toyota,450.0,ร้านอะไหล่,ขอนแก่น,5,450.0,22.5,427.5,No,4
ORD01095,2026-04-17,C0090,P010,3,Website,เก็บเงินปลายทาง,AC Compressor,AC,Toyota,5800.0,เจ้าของรถ,กรุงเทพมหานคร,0,17400.0,0.0,17400.0,No,4
ORD00646,2026-04-17,C0233,P015,2,Line OA,โอนเงิน,Radiator Hose,Cooling,Honda,650.0,เจ้าของรถ,กรุงเทพมหานคร,5,1300.0,65.0,1235.0,Yes,5
ORD01110,2026-04-18,C0040,P013,4,Marketplace,โอนเงิน,Alternator,Electrical,Toyota,4800.0,ร้านอะไหล่,ภูเก็ต,15,19200.0,2880.0,16320.0,Yes,3
ORD00972,2026-04-18,C0179,P013,2,Marketplace,PromptPay,Alternator,Electrical,Toyota,4800.0,อู่ซ่อมรถ,นครราชสีมา,15,9600.0,1440.0,8160.0,No,4
ORD01526,2026-04-18,C0060,P006,4,Website,PromptPay,Ball Joint,Suspension,Isuzu,1250.0,อู่ซ่อมรถ,นครราชสีมา,0,5000.0,0.0,5000.0,Yes,5
ORD00408,2026-04-18,C0177,P006,1,Mobile App,บัตรเครดิต,Ball Joint,Suspension,Isuzu,1250.0,เจ้าของรถ,ชลบุรี,10,1250.0,125.0,1125.0,Yes,5
ORD01016,2026-04-18,C0176,P010,3,Mobile App,เก็บเงินปลายทาง,AC Compressor,AC,Toyota,5800.0,ศูนย์บริการ,ขอนแก่น,5,17400.0,870.0,16530.0,No,4
ORD01480,2026-04-18,C0082,P005,2,Mobile App,โอนเงิน,Spark Plug,Engine,Honda,320.0,เจ้าของรถ,ขอนแก่น,0,640.0,0.0,640.0,Yes,4
ORD00277,2026-04-19,C0173,P014,2,Marketplace,เก็บเงินปลายทาง,Clutch Set,Engine,Isuzu,3900.0,อู่ซ่อมรถ,เชียงใหม่,5,7800.0,390.0,7410.0,Yes,3
ORD01194,2026-04-19,C0118,P015,4,Website,โอนเงิน,Radiator Hose,Cooling,Honda,650.0,เจ้าของรถ,ฉะเชิงเทรา,0,2600.0,0.0,2600.0,No,5
ORD00045,2026-04-19,C0210,P002,1,Mobile App,เก็บเงินปลายทาง,Brake Disc,Brake,Honda,1650.0,ร้านอะไหล่,ฉะเชิงเทรา,15,1650.0,247.5,1402.5,Yes,4
ORD01639,2026-04-19,C0091,P012,4,Marketplace,โอนเงิน,Oil Filter,Engine,Nissan,250.0,เจ้าของรถ,ชลบุรี,0,1000.0,0.0,1000.0,No,4
ORD01262,2026-04-19,C0174,P004,4,Facebook,บัตรเครดิต,Air Filter,Engine,Toyota,450.0,อู่ซ่อมรถ,ขอนแก่น,15,1800.0,270.0,1530.0,No,4
ORD00841,2026-04-19,C0132,P003,1,Website,โอนเงิน,Car Battery,Electrical,Toyota,2800.0,เจ้าของรถ,กรุงเทพมหานคร,0,2800.0,0.0,2800.0,Yes,4
ORD00580,2026-04-19,C0241,P005,1,Website,โอนเงิน,Spark Plug,Engine,Honda,320.0,เจ้าของรถ,ขอนแก่น,10,320.0,32.0,288.0,Yes,4
ORD00719,2026-04-19,C0024,P009,1,Line OA,เก็บเงินปลายทาง,Starter Motor,Electrical,Honda,4200.0,เจ้าของรถ,ชลบุรี,0,4200.0,0.0,4200.0,Yes,3
ORD01374,2026-04-19,C0180,P014,2,Line OA,เก็บเงินปลายทาง,Clutch Set,Engine,Isuzu,3900.0,อู่ซ่อมรถ,ภูเก็ต,10,7800.0,780.0,7020.0,No,4
ORD00505,2026-04-19,C0238,P010,1,Line OA,PromptPay,AC Compressor,AC,Toyota,5800.0,ร้านอะไหล่,นครราชสีมา,0,5800.0,0.0,5800.0,Yes,5
ORD01693,2026-04-20,C0168,P010,1,Mobile App,PromptPay,AC Compressor,AC,Toyota,5800.0,เจ้าของรถ,ระยอง,5,5800.0,290.0,5510.0,No,3
ORD01759,2026-04-20,C0141,P004,2,Facebook,เก็บเงินปลายทาง,Air Filter,Engine,Toyota,450.0,เจ้าของรถ,ขอนแก่น,0,900.0,0.0,900.0,Yes,5
ORD01667,2026-04-20,C0006,P016,4,Mobile App,เก็บเงินปลายทาง,AC Filter,AC,Toyota,380.0,เจ้าของรถ,กรุงเทพมหานคร,15,1520.0,228.0,1292.0,Yes,5
ORD01257,2026-04-20,C0014,P016,4,Marketplace,บัตรเครดิต,AC Filter,AC,Toyota,380.0,เจ้าของรถ,นครราชสีมา,0,1520.0,0.0,1520.0,Yes,4
ORD00039,2026-04-20,C0206,P011,3,Mobile App,เก็บเงินปลายทาง,Brake Fluid,Brake,Nissan,280.0,อู่ซ่อมรถ,นครราชสีมา,0,840.0,0.0,840.0,No,3
ORD00913,2026-04-21,C0247,P006,3,Mobile App,PromptPay,Ball Joint,Suspension,Isuzu,1250.0,อู่ซ่อมรถ,ขอนแก่น,0,3750.0,0.0,3750.0,No,4
ORD00639,2026-04-21,C0177,P001,2,Line OA,บัตรเครดิต,Brake Pad,Brake,Toyota,850.0,เจ้าของรถ,ชลบุรี,0,1700.0,0.0,1700.0,Yes,4
ORD00224,2026-04-21,C0142,P016,2,Website,เก็บเงินปลายทาง,AC Filter,AC,Toyota,380.0,เจ้าของรถ,ขอนแก่น,0,760.0,0.0,760.0,No,4
ORD00252,2026-04-21,C0106,P012,2,Mobile App,เก็บเงินปลายทาง,Oil Filter,Engine,Nissan,250.0,อู่ซ่อมรถ,ชลบุรี,0,500.0,0.0,500.0,No,4
ORD00717,2026-04-21,C0015,P012,4,Facebook,บัตรเครดิต,Oil Filter,Engine,Nissan,250.0,เจ้าของรถ,ภูเก็ต,10,1000.0,100.0,900.0,Yes,4
ORD00454,2026-04-21,C0020,P011,4,Website,บัตรเครดิต,Brake Fluid,Brake,Nissan,280.0,ศูนย์บริการ,นครราชสีมา,5,1120.0,56.0,1064.0,No,4
ORD00716,2026-04-21,C0190,P009,1,Website,บัตรเครดิต,Starter Motor,Electrical,Honda,4200.0,เจ้าของรถ,นครราชสีมา,0,4200.0,0.0,4200.0,Yes,5
ORD01586,2026-04-21,C0048,P016,1,Marketplace,เก็บเงินปลายทาง,AC Filter,AC,Toyota,380.0,ศูนย์บริการ,ชลบุรี,0,380.0,0.0,380.0,Yes,4
ORD01682,2026-04-22,C0135,P020,2,Mobile App,PromptPay,Wiper Blade,Exterior,Nissan,420.0,เจ้าของรถ,ชลบุรี,0,840.0,0.0,840.0,Yes,4
ORD01747,2026-04-22,C0241,P002,3,Facebook,โอนเงิน,Brake Disc,Brake,Honda,1650.0,เจ้าของรถ,ขอนแก่น,15,4950.0,742.5,4207.5,Yes,3
ORD01278,2026-04-22,C0015,P001,1,Website,PromptPay,Brake Pad,Brake,Toyota,850.0,เจ้าของรถ,ภูเก็ต,0,850.0,0.0,850.0,Yes,5
ORD00602,2026-04-22,C0142,P014,4,Website,เก็บเงินปลายทาง,Clutch Set,Engine,Isuzu,3900.0,เจ้าของรถ,ขอนแก่น,0,15600.0,0.0,15600.0,No,5
ORD01252,2026-04-22,C0033,P019,3,Website,เก็บเงินปลายทาง,Headlight,Electrical,Isuzu,1800.0,อู่ซ่อมรถ,นครราชสีมา,0,5400.0,0.0,5400.0,Yes,5
ORD00786,2026-04-23,C0071,P005,1,Website,บัตรเครดิต,Spark Plug,Engine,Honda,320.0,ศูนย์บริการ,กรุงเทพมหานคร,0,320.0,0.0,320.0,No,5
ORD01347,2026-04-23,C0193,P004,3,Website,PromptPay,Air Filter,Engine,Toyota,450.0,เจ้าของรถ,ฉะเชิงเทรา,10,1350.0,135.0,1215.0,No,3
ORD01627,2026-04-23,C0056,P015,2,Marketplace,เก็บเงินปลายทาง,Radiator Hose,Cooling,Honda,650.0,อู่ซ่อมรถ,ระยอง,10,1300.0,130.0,1170.0,No,5
ORD00591,2026-04-23,C0239,P018,4,Facebook,เก็บเงินปลายทาง,Fuel Pump,Engine,Toyota,2700.0,ศูนย์บริการ,กรุงเทพมหานคร,0,10800.0,0.0,10800.0,Yes,4
ORD01190,2026-04-23,C0066,P016,4,Mobile App,โอนเงิน,AC Filter,AC,Toyota,380.0,เจ้าของรถ,ชลบุรี,10,1520.0,152.0,1368.0,No,4
ORD01119,2026-04-24,C0235,P013,1,Website,บัตรเครดิต,Alternator,Electrical,Toyota,4800.0,เจ้าของรถ,เชียงใหม่,0,4800.0,0.0,4800.0,No,3
ORD01524,2026-04-24,C0117,P012,1,Website,PromptPay,Oil Filter,Engine,Nissan,250.0,เจ้าของรถ,ชลบุรี,5,250.0,12.5,237.5,No,5
ORD01043,2026-04-24,C0176,P012,4,Facebook,โอนเงิน,Oil Filter,Engine,Nissan,250.0,ศูนย์บริการ,ขอนแก่น,5,1000.0,50.0,950.0,No,5
ORD00734,2026-04-24,C0147,P013,1,Website,บัตรเครดิต,Alternator,Electrical,Toyota,4800.0,ศูนย์บริการ,กรุงเทพมหานคร,10,4800.0,480.0,4320.0,Yes,5
ORD01367,2026-04-24,C0209,P011,1,Facebook,เก็บเงินปลายทาง,Brake Fluid,Brake,Nissan,280.0,เจ้าของรถ,ฉะเชิงเทรา,5,280.0,14.0,266.0,Yes,5
ORD01299,2026-04-24,C0163,P018,3,Facebook,บัตรเครดิต,Fuel Pump,Engine,Toyota,2700.0,เจ้าของรถ,ขอนแก่น,0,8100.0,0.0,8100.0,Yes,3
ORD00187,2026-04-25,C0102,P016,4,Marketplace,บัตรเครดิต,AC Filter,AC,Toyota,380.0,อู่ซ่อมรถ,ชลบุรี,5,1520.0,76.0,1444.0,Yes,5
ORD00382,2026-04-25,C0017,P010,1,Mobile App,เก็บเงินปลายทาง,AC Compressor,AC,Toyota,5800.0,เจ้าของรถ,เชียงใหม่,15,5800.0,870.0,4930.0,Yes,5
ORD00044,2026-04-25,C0243,P008,2,Facebook,บัตรเครดิต,Radiator,Cooling,Isuzu,3500.0,อู่ซ่อมรถ,ระยอง,15,7000.0,1050.0,5950.0,No,4
ORD00947,2026-04-25,C0135,P010,4,Line OA,เก็บเงินปลายทาง,AC Compressor,AC,Toyota,5800.0,เจ้าของรถ,ชลบุรี,5,23200.0,1160.0,22040.0,Yes,5
ORD01736,2026-04-25,C0149,P006,1,Line OA,เก็บเงินปลายทาง,Ball Joint,Suspension,Isuzu,1250.0,เจ้าของรถ,เชียงใหม่,10,1250.0,125.0,1125.0,No,4
ORD01297,2026-04-25,C0193,P003,4,Marketplace,โอนเงิน,Car Battery,Electrical,Toyota,2800.0,เจ้าของรถ,ฉะเชิงเทรา,10,11200.0,1120.0,10080.0,Yes,4
ORD00136,2026-04-25,C0167,P009,2,Mobile App,PromptPay,Starter Motor,Electrical,Honda,4200.0,อู่ซ่อมรถ,กรุงเทพมหานคร,0,8400.0,0.0,8400.0,Yes,4
ORD01388,2026-04-26,C0044,P020,1,Marketplace,โอนเงิน,Wiper Blade,Exterior,Nissan,420.0,เจ้าของรถ,กรุงเทพมหานคร,0,420.0,0.0,420.0,No,3
ORD00823,2026-04-26,C0132,P004,2,Website,PromptPay,Air Filter,Engine,Toyota,450.0,เจ้าของรถ,กรุงเทพมหานคร,0,900.0,0.0,900.0,Yes,5
ORD00534,2026-04-26,C0037,P020,1,Mobile App,เก็บเงินปลายทาง,Wiper Blade,Exterior,Nissan,420.0,เจ้าของรถ,ระยอง,0,420.0,0.0,420.0,No,3
ORD00696,2026-04-26,C0096,P018,1,Line OA,บัตรเครดิต,Fuel Pump,Engine,Toyota,2700.0,เจ้าของรถ,กรุงเทพมหานคร,0,2700.0,0.0,2700.0,Yes,3
ORD01508,2026-04-26,C0205,P004,1,Line OA,PromptPay,Air Filter,Engine,Toyota,450.0,เจ้าของรถ,ภูเก็ต,0,450.0,0.0,450.0,Yes,4
ORD01474,2026-04-26,C0074,P009,1,Line OA,บัตรเครดิต,Starter Motor,Electrical,Honda,4200.0,อู่ซ่อมรถ,กรุงเทพมหานคร,15,4200.0,630.0,3570.0,Yes,4
ORD01738,2026-04-27,C0227,P014,1,Line OA,โอนเงิน,Clutch Set,Engine,Isuzu,3900.0,เจ้าของรถ,เชียงใหม่,0,3900.0,0.0,3900.0,No,5
ORD01677,2026-04-27,C0157,P013,1,Website,บัตรเครดิต,Alternator,Electrical,Toyota,4800.0,เจ้าของรถ,ภูเก็ต,10,4800.0,480.0,4320.0,Yes,5
ORD00497,2026-04-27,C0185,P017,1,Website,PromptPay,Wheel Bearing,Suspension,Honda,1450.0,อู่ซ่อมรถ,ชลบุรี,10,1450.0,145.0,1305.0,Yes,5
ORD01017,2026-04-27,C0094,P011,4,Marketplace,PromptPay,Brake Fluid,Brake,Nissan,280.0,เจ้าของรถ,ภูเก็ต,0,1120.0,0.0,1120.0,No,4
ORD01155,2026-04-27,C0077,P020,1,Website,เก็บเงินปลายทาง,Wiper Blade,Exterior,Nissan,420.0,อู่ซ่อมรถ,นครราชสีมา,0,420.0,0.0,420.0,Yes,4
ORD01771,2026-04-27,C0054,P015,4,Line OA,โอนเงิน,Radiator Hose,Cooling,Honda,650.0,เจ้าของรถ,ฉะเชิงเทรา,5,2600.0,130.0,2470.0,No,4
ORD01703,2026-04-27,C0007,P006,2,Website,PromptPay,Ball Joint,Suspension,Isuzu,1250.0,เจ้าของรถ,นครราชสีมา,0,2500.0,0.0,2500.0,Yes,4
ORD00087,2026-04-27,C0211,P014,2,Marketplace,บัตรเครดิต,Clutch Set,Engine,Isuzu,3900.0,ร้านอะไหล่,ขอนแก่น,5,7800.0,390.0,7410.0,No,4
ORD00076,2026-04-27,C0103,P007,4,Marketplace,เก็บเงินปลายทาง,Shock Absorber,Suspension,Toyota,2200.0,เจ้าของรถ,ขอนแก่น,15,8800.0,1320.0,7480.0,No,4
ORD00981,2026-04-27,C0049,P014,4,Line OA,PromptPay,Clutch Set,Engine,Isuzu,3900.0,อู่ซ่อมรถ,ภูเก็ต,0,15600.0,0.0,15600.0,Yes,4
ORD01292,2026-04-27,C0077,P018,1,Facebook,PromptPay,Fuel Pump,Engine,Toyota,2700.0,อู่ซ่อมรถ,นครราชสีมา,15,2700.0,405.0,2295.0,Yes,5
ORD00326,2026-04-27,C0127,P008,1,Website,โอนเงิน,Radiator,Cooling,Isuzu,3500.0,เจ้าของรถ,ภูเก็ต,15,3500.0,525.0,2975.0,No,4
ORD01084,2026-04-27,C0096,P010,1,Mobile App,บัตรเครดิต,AC Compressor,AC,Toyota,5800.0,เจ้าของรถ,กรุงเทพมหานคร,0,5800.0,0.0,5800.0,Yes,5
ORD01394,2026-04-27,C0106,P018,2,Mobile App,โอนเงิน,Fuel Pump,Engine,Toyota,2700.0,อู่ซ่อมรถ,ชลบุรี,0,5400.0,0.0,5400.0,No,3
ORD00771,2026-04-27,C0092,P008,1,Mobile App,บัตรเครดิต,Radiator,Cooling,Isuzu,3500.0,เจ้าของรถ,ฉะเชิงเทรา,0,3500.0,0.0,3500.0,Yes,4
ORD00012,2026-04-27,C0225,P019,2,Facebook,บัตรเครดิต,Headlight,Electrical,Isuzu,1800.0,เจ้าของรถ,นครราชสีมา,0,3600.0,0.0,3600.0,No,4
ORD00152,2026-04-27,C0005,P003,2,Mobile App,บัตรเครดิต,Car Battery,Electrical,Toyota,2800.0,อู่ซ่อมรถ,ฉะเชิงเทรา,0,5600.0,0.0,5600.0,Yes,4
ORD01325,2026-04-28,C0086,P007,3,Website,PromptPay,Shock Absorber,Suspension,Toyota,2200.0,ร้านอะไหล่,นครราชสีมา,0,6600.0,0.0,6600.0,Yes,3
ORD00598,2026-04-28,C0043,P014,2,Line OA,PromptPay,Clutch Set,Engine,Isuzu,3900.0,เจ้าของรถ,นครราชสีมา,0,7800.0,0.0,7800.0,No,4
ORD01729,2026-04-28,C0062,P013,1,Mobile App,เก็บเงินปลายทาง,Alternator,Electrical,Toyota,4800.0,เจ้าของรถ,ภูเก็ต,10,4800.0,480.0,4320.0,Yes,4
ORD00728,2026-04-28,C0177,P006,2,Mobile App,บัตรเครดิต,Ball Joint,Suspension,Isuzu,1250.0,เจ้าของรถ,ชลบุรี,10,2500.0,250.0,2250.0,Yes,5
ORD01265,2026-04-28,C0066,P010,2,Mobile App,เก็บเงินปลายทาง,AC Compressor,AC,Toyota,5800.0,เจ้าของรถ,ชลบุรี,0,11600.0,0.0,11600.0,Yes,5
ORD00530,2026-04-28,C0059,P012,1,Marketplace,โอนเงิน,Oil Filter,Engine,Nissan,250.0,เจ้าของรถ,นครราชสีมา,15,250.0,37.5,212.5,No,5
ORD00347,2026-04-28,C0085,P020,1,Website,เก็บเงินปลายทาง,Wiper Blade,Exterior,Nissan,420.0,เจ้าของรถ,ฉะเชิงเทรา,10,420.0,42.0,378.0,Yes,3
ORD01382,2026-04-28,C0189,P004,1,Marketplace,เก็บเงินปลายทาง,Air Filter,Engine,Toyota,450.0,เจ้าของรถ,ชลบุรี,0,450.0,0.0,450.0,Yes,4
ORD01255,2026-04-29,C0004,P009,2,Mobile App,โอนเงิน,Starter Motor,Electrical,Honda,4200.0,อู่ซ่อมรถ,ขอนแก่น,0,8400.0,0.0,8400.0,Yes,5
ORD00634,2026-04-29,C0249,P015,3,Website,บัตรเครดิต,Radiator Hose,Cooling,Honda,650.0,ร้านอะไหล่,ภูเก็ต,0,1950.0,0.0,1950.0,No,3
ORD00455,2026-04-29,C0221,P019,1,Website,เก็บเงินปลายทาง,Headlight,Electrical,Isuzu,1800.0,เจ้าของรถ,นครราชสีมา,0,1800.0,0.0,1800.0,Yes,4
ORD00423,2026-04-29,C0138,P008,1,Mobile App,โอนเงิน,Radiator,Cooling,Isuzu,3500.0,เจ้าของรถ,เชียงใหม่,0,3500.0,0.0,3500.0,No,3
ORD01116,2026-04-30,C0207,P011,1,Website,บัตรเครดิต,Brake Fluid,Brake,Nissan,280.0,ศูนย์บริการ,กรุงเทพมหานคร,5,280.0,14.0,266.0,No,4
ORD00941,2026-04-30,C0160,P001,1,Website,PromptPay,Brake Pad,Brake,Toyota,850.0,อู่ซ่อมรถ,ชลบุรี,5,850.0,42.5,807.5,No,5
ORD00106,2026-04-30,C0211,P018,2,Facebook,เก็บเงินปลายทาง,Fuel Pump,Engine,Toyota,2700.0,ร้านอะไหล่,ขอนแก่น,10,5400.0,540.0,4860.0,Yes,5
ORD01134,2026-04-30,C0108,P012,4,Facebook,เก็บเงินปลายทาง,Oil Filter,Engine,Nissan,250.0,เจ้าของรถ,กรุงเทพมหานคร,0,1000.0,0.0,1000.0,Yes,3
ORD00857,2026-04-30,C0101,P005,3,Marketplace,เก็บเงินปลายทาง,Spark Plug,Engine,Honda,320.0,เจ้าของรถ,ฉะเชิงเทรา,5,960.0,48.0,912.0,Yes,4
ORD00333,2026-04-30,C0186,P008,4,Facebook,PromptPay,Radiator,Cooling,Isuzu,3500.0,อู่ซ่อมรถ,ชลบุรี,0,14000.0,0.0,14000.0,Yes,5
ORD00730,2026-04-30,C0226,P014,2,Website,บัตรเครดิต,Clutch Set,Engine,Isuzu,3900.0,เจ้าของรถ,ระยอง,0,7800.0,0.0,7800.0,No,4
ORD01314,2026-05-01,C0161,P009,4,Website,บัตรเครดิต,Starter Motor,Electrical,Honda,4200.0,เจ้าของรถ,ชลบุรี,0,16800.0,0.0,16800.0,Yes,3
ORD00682,2026-05-01,C0209,P008,1,Mobile App,บัตรเครดิต,Radiator,Cooling,Isuzu,3500.0,เจ้าของรถ,ฉะเชิงเทรา,10,3500.0,350.0,3150.0,Yes,4
ORD01321,2026-05-01,C0006,P001,2,Mobile App,เก็บเงินปลายทาง,Brake Pad,Brake,Toyota,850.0,เจ้าของรถ,กรุงเทพมหานคร,5,1700.0,85.0,1615.0,No,3
ORD00232,2026-05-01,C0056,P020,4,Website,เก็บเงินปลายทาง,Wiper Blade,Exterior,Nissan,420.0,อู่ซ่อมรถ,ระยอง,0,1680.0,0.0,1680.0,Yes,3
ORD01115,2026-05-01,C0243,P020,2,Mobile App,โอนเงิน,Wiper Blade,Exterior,Nissan,420.0,อู่ซ่อมรถ,ระยอง,0,840.0,0.0,840.0,No,4
ORD00339,2026-05-01,C0125,P002,4,Line OA,โอนเงิน,Brake Disc,Brake,Honda,1650.0,เจ้าของรถ,ระยอง,15,6600.0,990.0,5610.0,Yes,5
ORD00778,2026-05-01,C0022,P005,1,Website,PromptPay,Spark Plug,Engine,Honda,320.0,เจ้าของรถ,กรุงเทพมหานคร,5,320.0,16.0,304.0,Yes,5
ORD01013,2026-05-01,C0243,P004,1,Mobile App,PromptPay,Air Filter,Engine,Toyota,450.0,อู่ซ่อมรถ,ระยอง,0,450.0,0.0,450.0,No,3
ORD00678,2026-05-01,C0172,P014,2,Mobile App,PromptPay,Clutch Set,Engine,Isuzu,3900.0,เจ้าของรถ,ระยอง,0,7800.0,0.0,7800.0,Yes,4
ORD01272,2026-05-01,C0001,P015,1,Line OA,บัตรเครดิต,Radiator Hose,Cooling,Honda,650.0,ร้านอะไหล่,ฉะเชิงเทรา,0,650.0,0.0,650.0,Yes,4
ORD01491,2026-05-01,C0247,P015,1,Facebook,PromptPay,Radiator Hose,Cooling,Honda,650.0,อู่ซ่อมรถ,ขอนแก่น,15,650.0,97.5,552.5,Yes,5
ORD01058,2026-05-01,C0161,P009,2,Website,โอนเงิน,Starter Motor,Electrical,Honda,4200.0,เจ้าของรถ,ชลบุรี,10,8400.0,840.0,7560.0,No,4
ORD01765,2026-05-01,C0010,P009,3,Facebook,โอนเงิน,Starter Motor,Electrical,Honda,4200.0,ศูนย์บริการ,ภูเก็ต,10,12600.0,1260.0,11340.0,No,4
ORD01674,2026-05-01,C0124,P011,3,Mobile App,โอนเงิน,Brake Fluid,Brake,Nissan,280.0,ร้านอะไหล่,ฉะเชิงเทรา,0,840.0,0.0,840.0,Yes,4
ORD01370,2026-05-02,C0027,P007,4,Line OA,PromptPay,Shock Absorber,Suspension,Toyota,2200.0,ร้านอะไหล่,ระยอง,0,8800.0,0.0,8800.0,No,5
ORD00282,2026-05-02,C0061,P007,3,Website,เก็บเงินปลายทาง,Shock Absorber,Suspension,Toyota,2200.0,เจ้าของรถ,กรุงเทพมหานคร,0,6600.0,0.0,6600.0,No,3
ORD01271,2026-05-02,C0225,P007,1,Mobile App,โอนเงิน,Shock Absorber,Suspension,Toyota,2200.0,เจ้าของรถ,นครราชสีมา,0,2200.0,0.0,2200.0,Yes,4
ORD00209,2026-05-02,C0201,P008,1,Mobile App,PromptPay,Radiator,Cooling,Isuzu,3500.0,เจ้าของรถ,ขอนแก่น,10,3500.0,350.0,3150.0,No,4
ORD00578,2026-05-02,C0236,P007,1,Website,PromptPay,Shock Absorber,Suspension,Toyota,2200.0,เจ้าของรถ,เชียงใหม่,0,2200.0,0.0,2200.0,Yes,5
ORD00132,2026-05-02,C0157,P001,3,Website,เก็บเงินปลายทาง,Brake Pad,Brake,Toyota,850.0,เจ้าของรถ,ภูเก็ต,0,2550.0,0.0,2550.0,Yes,4
ORD01520,2026-05-02,C0177,P015,4,Mobile App,โอนเงิน,Radiator Hose,Cooling,Honda,650.0,เจ้าของรถ,ชลบุรี,15,2600.0,390.0,2210.0,No,4
ORD00883,2026-05-02,C0192,P003,2,Website,บัตรเครดิต,Car Battery,Electrical,Toyota,2800.0,อู่ซ่อมรถ,ภูเก็ต,10,5600.0,560.0,5040.0,No,5
ORD01204,2026-05-02,C0227,P002,1,Marketplace,โอนเงิน,Brake Disc,Brake,Honda,1650.0,เจ้าของรถ,เชียงใหม่,0,1650.0,0.0,1650.0,Yes,3
ORD00685,2026-05-02,C0210,P007,3,Website,PromptPay,Shock Absorber,Suspension,Toyota,2200.0,ร้านอะไหล่,ฉะเชิงเทรา,10,6600.0,660.0,5940.0,Yes,5
ORD00866,2026-05-03,C0045,P017,1,Website,โอนเงิน,Wheel Bearing,Suspension,Honda,1450.0,เจ้าของรถ,เชียงใหม่,0,1450.0,0.0,1450.0,Yes,4
ORD00601,2026-05-03,C0014,P010,4,Mobile App,บัตรเครดิต,AC Compressor,AC,Toyota,5800.0,เจ้าของรถ,นครราชสีมา,5,23200.0,1160.0,22040.0,Yes,5
ORD01454,2026-05-03,C0094,P010,1,Mobile App,เก็บเงินปลายทาง,AC Compressor,AC,Toyota,5800.0,เจ้าของรถ,ภูเก็ต,0,5800.0,0.0,5800.0,No,4
ORD01241,2026-05-03,C0188,P019,2,Line OA,เก็บเงินปลายทาง,Headlight,Electrical,Isuzu,1800.0,เจ้าของรถ,ชลบุรี,0,3600.0,0.0,3600.0,Yes,4
ORD00815,2026-05-03,C0173,P002,2,Mobile App,โอนเงิน,Brake Disc,Brake,Honda,1650.0,อู่ซ่อมรถ,เชียงใหม่,10,3300.0,330.0,2970.0,Yes,4
ORD00503,2026-05-03,C0215,P007,1,Mobile App,โอนเงิน,Shock Absorber,Suspension,Toyota,2200.0,เจ้าของรถ,เชียงใหม่,0,2200.0,0.0,2200.0,Yes,3
ORD00451,2026-05-03,C0154,P007,3,Mobile App,โอนเงิน,Shock Absorber,Suspension,Toyota,2200.0,อู่ซ่อมรถ,ระยอง,15,6600.0,990.0,5610.0,Yes,5
ORD00835,2026-05-03,C0239,P013,4,Marketplace,โอนเงิน,Alternator,Electrical,Toyota,4800.0,ศูนย์บริการ,กรุงเทพมหานคร,0,19200.0,0.0,19200.0,Yes,3
ORD00482,2026-05-04,C0215,P003,4,Line OA,เก็บเงินปลายทาง,Car Battery,Electrical,Toyota,2800.0,เจ้าของรถ,เชียงใหม่,5,11200.0,560.0,10640.0,Yes,3
ORD00809,2026-05-04,C0134,P016,3,Line OA,เก็บเงินปลายทาง,AC Filter,AC,Toyota,380.0,เจ้าของรถ,ขอนแก่น,0,1140.0,0.0,1140.0,No,4
ORD01734,2026-05-04,C0171,P007,1,Website,PromptPay,Shock Absorber,Suspension,Toyota,2200.0,ร้านอะไหล่,ภูเก็ต,5,2200.0,110.0,2090.0,No,5
ORD00959,2026-05-04,C0079,P014,4,Website,บัตรเครดิต,Clutch Set,Engine,Isuzu,3900.0,อู่ซ่อมรถ,ระยอง,5,15600.0,780.0,14820.0,Yes,5
ORD00870,2026-05-04,C0137,P016,1,Marketplace,เก็บเงินปลายทาง,AC Filter,AC,Toyota,380.0,ร้านอะไหล่,นครราชสีมา,15,380.0,57.0,323.0,Yes,4
ORD00858,2026-05-04,C0052,P013,1,Marketplace,เก็บเงินปลายทาง,Alternator,Electrical,Toyota,4800.0,เจ้าของรถ,ภูเก็ต,15,4800.0,720.0,4080.0,No,5
ORD01757,2026-05-04,C0197,P010,2,Facebook,PromptPay,AC Compressor,AC,Toyota,5800.0,เจ้าของรถ,เชียงใหม่,0,11600.0,0.0,11600.0,Yes,5
ORD00480,2026-05-05,C0015,P018,2,Mobile App,PromptPay,Fuel Pump,Engine,Toyota,2700.0,เจ้าของรถ,ภูเก็ต,10,5400.0,540.0,4860.0,Yes,3
ORD00124,2026-05-05,C0022,P004,1,Website,เก็บเงินปลายทาง,Air Filter,Engine,Toyota,450.0,เจ้าของรถ,กรุงเทพมหานคร,15,450.0,67.5,382.5,Yes,5
ORD00969,2026-05-05,C0164,P020,1,Website,โอนเงิน,Wiper Blade,Exterior,Nissan,420.0,ศูนย์บริการ,นครราชสีมา,0,420.0,0.0,420.0,Yes,4
ORD01663,2026-05-05,C0165,P011,3,Website,บัตรเครดิต,Brake Fluid,Brake,Nissan,280.0,ศูนย์บริการ,ภูเก็ต,0,840.0,0.0,840.0,Yes,4
ORD00861,2026-05-05,C0014,P016,1,Website,เก็บเงินปลายทาง,AC Filter,AC,Toyota,380.0,เจ้าของรถ,นครราชสีมา,0,380.0,0.0,380.0,Yes,5
ORD00837,2026-05-05,C0159,P011,3,Facebook,เก็บเงินปลายทาง,Brake Fluid,Brake,Nissan,280.0,เจ้าของรถ,เชียงใหม่,15,840.0,126.0,714.0,Yes,5
ORD00186,2026-05-05,C0232,P001,1,Facebook,บัตรเครดิต,Brake Pad,Brake,Toyota,850.0,อู่ซ่อมรถ,ภูเก็ต,0,850.0,0.0,850.0,Yes,4
ORD00759,2026-05-06,C0070,P006,4,Line OA,เก็บเงินปลายทาง,Ball Joint,Suspension,Isuzu,1250.0,อู่ซ่อมรถ,ภูเก็ต,0,5000.0,0.0,5000.0,Yes,4
ORD00944,2026-05-06,C0147,P011,1,Website,PromptPay,Brake Fluid,Brake,Nissan,280.0,ศูนย์บริการ,กรุงเทพมหานคร,0,280.0,0.0,280.0,Yes,5
ORD01775,2026-05-06,C0095,P007,3,Facebook,PromptPay,Shock Absorber,Suspension,Toyota,2200.0,เจ้าของรถ,ฉะเชิงเทรา,0,6600.0,0.0,6600.0,Yes,5
ORD01111,2026-05-06,C0033,P020,4,Facebook,เก็บเงินปลายทาง,Wiper Blade,Exterior,Nissan,420.0,อู่ซ่อมรถ,นครราชสีมา,0,1680.0,0.0,1680.0,No,4
ORD01486,2026-05-07,C0219,P010,3,Marketplace,เก็บเงินปลายทาง,AC Compressor,AC,Toyota,5800.0,เจ้าของรถ,ขอนแก่น,0,17400.0,0.0,17400.0,No,4
ORD00162,2026-05-07,C0053,P018,2,Marketplace,เก็บเงินปลายทาง,Fuel Pump,Engine,Toyota,2700.0,ร้านอะไหล่,นครราชสีมา,0,5400.0,0.0,5400.0,Yes,5
ORD01263,2026-05-07,C0035,P019,4,Mobile App,โอนเงิน,Headlight,Electrical,Isuzu,1800.0,เจ้าของรถ,ฉะเชิงเทรา,0,7200.0,0.0,7200.0,Yes,4
ORD01056,2026-05-07,C0121,P011,2,Website,เก็บเงินปลายทาง,Brake Fluid,Brake,Nissan,280.0,เจ้าของรถ,กรุงเทพมหานคร,5,560.0,28.0,532.0,No,5
ORD00397,2026-05-07,C0171,P004,1,Facebook,โอนเงิน,Air Filter,Engine,Toyota,450.0,ร้านอะไหล่,ภูเก็ต,0,450.0,0.0,450.0,Yes,4
ORD00247,2026-05-07,C0048,P013,2,Website,โอนเงิน,Alternator,Electrical,Toyota,4800.0,ศูนย์บริการ,ชลบุรี,10,9600.0,960.0,8640.0,Yes,3
ORD00957,2026-05-07,C0053,P015,1,Marketplace,PromptPay,Radiator Hose,Cooling,Honda,650.0,ร้านอะไหล่,นครราชสีมา,0,650.0,0.0,650.0,Yes,4
ORD01561,2026-05-08,C0147,P012,3,Mobile App,เก็บเงินปลายทาง,Oil Filter,Engine,Nissan,250.0,ศูนย์บริการ,กรุงเทพมหานคร,0,750.0,0.0,750.0,No,3
ORD00894,2026-05-09,C0157,P006,4,Website,โอนเงิน,Ball Joint,Suspension,Isuzu,1250.0,เจ้าของรถ,ภูเก็ต,10,5000.0,500.0,4500.0,Yes,4
ORD01363,2026-05-09,C0147,P003,1,Mobile App,PromptPay,Car Battery,Electrical,Toyota,2800.0,ศูนย์บริการ,กรุงเทพมหานคร,5,2800.0,140.0,2660.0,Yes,4
ORD01128,2026-05-09,C0040,P019,2,Website,บัตรเครดิต,Headlight,Electrical,Isuzu,1800.0,ร้านอะไหล่,ภูเก็ต,15,3600.0,540.0,3060.0,No,4
ORD00879,2026-05-09,C0178,P017,1,Website,โอนเงิน,Wheel Bearing,Suspension,Honda,1450.0,เจ้าของรถ,เชียงใหม่,0,1450.0,0.0,1450.0,Yes,4
ORD00571,2026-05-09,C0177,P015,4,Facebook,PromptPay,Radiator Hose,Cooling,Honda,650.0,เจ้าของรถ,ชลบุรี,10,2600.0,260.0,2340.0,Yes,3
ORD00968,2026-05-09,C0057,P010,4,Facebook,PromptPay,AC Compressor,AC,Toyota,5800.0,เจ้าของรถ,ฉะเชิงเทรา,10,23200.0,2320.0,20880.0,Yes,4
ORD01245,2026-05-09,C0136,P018,3,Website,บัตรเครดิต,Fuel Pump,Engine,Toyota,2700.0,ร้านอะไหล่,ขอนแก่น,15,8100.0,1215.0,6885.0,Yes,4
ORD00038,2026-05-10,C0056,P008,1,Mobile App,เก็บเงินปลายทาง,Radiator,Cooling,Isuzu,3500.0,อู่ซ่อมรถ,ระยอง,0,3500.0,0.0,3500.0,No,5
ORD00929,2026-05-10,C0024,P011,1,Mobile App,บัตรเครดิต,Brake Fluid,Brake,Nissan,280.0,เจ้าของรถ,ชลบุรี,0,280.0,0.0,280.0,No,4
ORD00368,2026-05-10,C0166,P016,3,Marketplace,บัตรเครดิต,AC Filter,AC,Toyota,380.0,ศูนย์บริการ,กรุงเทพมหานคร,5,1140.0,57.0,1083.0,No,5
ORD00178,2026-05-10,C0171,P005,1,Website,บัตรเครดิต,Spark Plug,Engine,Honda,320.0,ร้านอะไหล่,ภูเก็ต,15,320.0,48.0,272.0,No,4
ORD01531,2026-05-10,C0005,P019,1,Mobile App,PromptPay,Headlight,Electrical,Isuzu,1800.0,อู่ซ่อมรถ,ฉะเชิงเทรา,0,1800.0,0.0,1800.0,No,4
ORD00149,2026-05-10,C0163,P004,2,Facebook,โอนเงิน,Air Filter,Engine,Toyota,450.0,เจ้าของรถ,ขอนแก่น,0,900.0,0.0,900.0,Yes,5
ORD00264,2026-05-10,C0130,P014,2,Mobile App,PromptPay,Clutch Set,Engine,Isuzu,3900.0,อู่ซ่อมรถ,นครราชสีมา,15,7800.0,1170.0,6630.0,Yes,4
ORD00621,2026-05-11,C0170,P009,4,Mobile App,PromptPay,Starter Motor,Electrical,Honda,4200.0,เจ้าของรถ,ขอนแก่น,10,16800.0,1680.0,15120.0,Yes,4
ORD01576,2026-05-11,C0061,P009,4,Mobile App,PromptPay,Starter Motor,Electrical,Honda,4200.0,เจ้าของรถ,กรุงเทพมหานคร,10,16800.0,1680.0,15120.0,Yes,4
ORD01610,2026-05-11,C0045,P008,1,Marketplace,เก็บเงินปลายทาง,Radiator,Cooling,Isuzu,3500.0,เจ้าของรถ,เชียงใหม่,0,3500.0,0.0,3500.0,Yes,3
ORD01127,2026-05-12,C0063,P008,2,Marketplace,PromptPay,Radiator,Cooling,Isuzu,3500.0,อู่ซ่อมรถ,ชลบุรี,5,7000.0,350.0,6650.0,Yes,5
ORD00358,2026-05-12,C0200,P019,2,Facebook,บัตรเครดิต,Headlight,Electrical,Isuzu,1800.0,อู่ซ่อมรถ,ภูเก็ต,0,3600.0,0.0,3600.0,No,5
ORD01033,2026-05-12,C0220,P017,3,Mobile App,PromptPay,Wheel Bearing,Suspension,Honda,1450.0,เจ้าของรถ,ชลบุรี,5,4350.0,217.5,4132.5,No,5
ORD01014,2026-05-12,C0141,P012,1,Line OA,PromptPay,Oil Filter,Engine,Nissan,250.0,เจ้าของรถ,ขอนแก่น,0,250.0,0.0,250.0,Yes,5
ORD00935,2026-05-13,C0075,P010,4,Marketplace,เก็บเงินปลายทาง,AC Compressor,AC,Toyota,5800.0,เจ้าของรถ,ระยอง,5,23200.0,1160.0,22040.0,No,4
ORD01251,2026-05-13,C0065,P004,3,Website,บัตรเครดิต,Air Filter,Engine,Toyota,450.0,เจ้าของรถ,ระยอง,15,1350.0,202.5,1147.5,No,4
ORD01562,2026-05-13,C0229,P015,1,Mobile App,เก็บเงินปลายทาง,Radiator Hose,Cooling,Honda,650.0,เจ้าของรถ,กรุงเทพมหานคร,0,650.0,0.0,650.0,No,4
ORD00706,2026-05-13,C0217,P014,4,Line OA,บัตรเครดิต,Clutch Set,Engine,Isuzu,3900.0,เจ้าของรถ,กรุงเทพมหานคร,0,15600.0,0.0,15600.0,No,4
ORD01485,2026-05-13,C0087,P018,1,Line OA,เก็บเงินปลายทาง,Fuel Pump,Engine,Toyota,2700.0,ร้านอะไหล่,กรุงเทพมหานคร,10,2700.0,270.0,2430.0,Yes,4
ORD01259,2026-05-14,C0032,P010,2,Mobile App,PromptPay,AC Compressor,AC,Toyota,5800.0,เจ้าของรถ,กรุงเทพมหานคร,0,11600.0,0.0,11600.0,Yes,5
ORD01373,2026-05-14,C0237,P012,1,Facebook,บัตรเครดิต,Oil Filter,Engine,Nissan,250.0,ศูนย์บริการ,เชียงใหม่,0,250.0,0.0,250.0,Yes,5
ORD01574,2026-05-14,C0016,P016,2,Website,PromptPay,AC Filter,AC,Toyota,380.0,เจ้าของรถ,ฉะเชิงเทรา,0,760.0,0.0,760.0,No,4
ORD00812,2026-05-14,C0184,P010,2,Website,PromptPay,AC Compressor,AC,Toyota,5800.0,อู่ซ่อมรถ,ขอนแก่น,0,11600.0,0.0,11600.0,No,4
ORD00417,2026-05-14,C0249,P010,3,Mobile App,เก็บเงินปลายทาง,AC Compressor,AC,Toyota,5800.0,ร้านอะไหล่,ภูเก็ต,5,17400.0,870.0,16530.0,Yes,4
ORD00847,2026-05-14,C0141,P011,1,Facebook,เก็บเงินปลายทาง,Brake Fluid,Brake,Nissan,280.0,เจ้าของรถ,ขอนแก่น,5,280.0,14.0,266.0,Yes,4
ORD00086,2026-05-14,C0017,P018,2,Mobile App,บัตรเครดิต,Fuel Pump,Engine,Toyota,2700.0,เจ้าของรถ,เชียงใหม่,0,5400.0,0.0,5400.0,No,4
ORD01671,2026-05-15,C0035,P003,1,Website,โอนเงิน,Car Battery,Electrical,Toyota,2800.0,เจ้าของรถ,ฉะเชิงเทรา,15,2800.0,420.0,2380.0,Yes,3
ORD01582,2026-05-15,C0232,P020,1,Website,บัตรเครดิต,Wiper Blade,Exterior,Nissan,420.0,อู่ซ่อมรถ,ภูเก็ต,15,420.0,63.0,357.0,Yes,4
ORD01236,2026-05-15,C0102,P004,4,Mobile App,โอนเงิน,Air Filter,Engine,Toyota,450.0,อู่ซ่อมรถ,ชลบุรี,0,1800.0,0.0,1800.0,Yes,5
ORD00514,2026-05-15,C0019,P010,1,Line OA,เก็บเงินปลายทาง,AC Compressor,AC,Toyota,5800.0,ศูนย์บริการ,กรุงเทพมหานคร,0,5800.0,0.0,5800.0,No,5
ORD01344,2026-05-15,C0207,P013,1,Website,PromptPay,Alternator,Electrical,Toyota,4800.0,ศูนย์บริการ,กรุงเทพมหานคร,10,4800.0,480.0,4320.0,No,4
ORD00515,2026-05-15,C0084,P006,1,Mobile App,โอนเงิน,Ball Joint,Suspension,Isuzu,1250.0,เจ้าของรถ,นครราชสีมา,5,1250.0,62.5,1187.5,Yes,4
ORD01268,2026-05-15,C0120,P018,2,Line OA,บัตรเครดิต,Fuel Pump,Engine,Toyota,2700.0,เจ้าของรถ,ภูเก็ต,10,5400.0,540.0,4860.0,Yes,4
ORD01335,2026-05-16,C0092,P011,3,Line OA,เก็บเงินปลายทาง,Brake Fluid,Brake,Nissan,280.0,เจ้าของรถ,ฉะเชิงเทรา,0,840.0,0.0,840.0,No,4
ORD00387,2026-05-16,C0113,P002,1,Marketplace,บัตรเครดิต,Brake Disc,Brake,Honda,1650.0,เจ้าของรถ,กรุงเทพมหานคร,0,1650.0,0.0,1650.0,Yes,4
ORD00189,2026-05-16,C0190,P013,1,Mobile App,เก็บเงินปลายทาง,Alternator,Electrical,Toyota,4800.0,เจ้าของรถ,นครราชสีมา,15,4800.0,720.0,4080.0,Yes,3
ORD01607,2026-05-16,C0083,P018,1,Website,PromptPay,Fuel Pump,Engine,Toyota,2700.0,ร้านอะไหล่,กรุงเทพมหานคร,15,2700.0,405.0,2295.0,Yes,3
ORD00370,2026-05-17,C0171,P018,2,Mobile App,เก็บเงินปลายทาง,Fuel Pump,Engine,Toyota,2700.0,ร้านอะไหล่,ภูเก็ต,0,5400.0,0.0,5400.0,No,4
ORD00069,2026-05-17,C0028,P006,1,Mobile App,บัตรเครดิต,Ball Joint,Suspension,Isuzu,1250.0,เจ้าของรถ,ขอนแก่น,0,1250.0,0.0,1250.0,Yes,5
ORD00028,2026-05-17,C0162,P013,1,Facebook,PromptPay,Alternator,Electrical,Toyota,4800.0,อู่ซ่อมรถ,นครราชสีมา,15,4800.0,720.0,4080.0,No,5
ORD00018,2026-05-17,C0025,P014,1,Website,โอนเงิน,Clutch Set,Engine,Isuzu,3900.0,เจ้าของรถ,ขอนแก่น,0,3900.0,0.0,3900.0,No,5
ORD00942,2026-05-17,C0105,P016,1,Mobile App,บัตรเครดิต,AC Filter,AC,Toyota,380.0,อู่ซ่อมรถ,เชียงใหม่,10,380.0,38.0,342.0,Yes,3
ORD01525,2026-05-18,C0034,P015,1,Mobile App,เก็บเงินปลายทาง,Radiator Hose,Cooling,Honda,650.0,อู่ซ่อมรถ,นครราชสีมา,0,650.0,0.0,650.0,No,5
ORD01205,2026-05-18,C0140,P020,2,Website,บัตรเครดิต,Wiper Blade,Exterior,Nissan,420.0,เจ้าของรถ,ระยอง,5,840.0,42.0,798.0,No,5
ORD00494,2026-05-18,C0198,P020,2,Website,PromptPay,Wiper Blade,Exterior,Nissan,420.0,เจ้าของรถ,ชลบุรี,15,840.0,126.0,714.0,Yes,4
ORD01521,2026-05-18,C0216,P001,1,Mobile App,PromptPay,Brake Pad,Brake,Toyota,850.0,ร้านอะไหล่,เชียงใหม่,5,850.0,42.5,807.5,No,4
ORD01157,2026-05-18,C0010,P014,2,Marketplace,เก็บเงินปลายทาง,Clutch Set,Engine,Isuzu,3900.0,ศูนย์บริการ,ภูเก็ต,10,7800.0,780.0,7020.0,Yes,4
ORD01544,2026-05-18,C0110,P013,1,Website,บัตรเครดิต,Alternator,Electrical,Toyota,4800.0,เจ้าของรถ,กรุงเทพมหานคร,10,4800.0,480.0,4320.0,Yes,5
ORD00746,2026-05-18,C0024,P018,2,Marketplace,PromptPay,Fuel Pump,Engine,Toyota,2700.0,เจ้าของรถ,ชลบุรี,10,5400.0,540.0,4860.0,Yes,3
ORD01459,2026-05-19,C0144,P004,1,Website,โอนเงิน,Air Filter,Engine,Toyota,450.0,ร้านอะไหล่,ขอนแก่น,10,450.0,45.0,405.0,No,5
ORD01477,2026-05-19,C0250,P009,4,Marketplace,PromptPay,Starter Motor,Electrical,Honda,4200.0,อู่ซ่อมรถ,ภูเก็ต,5,16800.0,840.0,15960.0,Yes,4
ORD00519,2026-05-19,C0204,P006,1,Facebook,เก็บเงินปลายทาง,Ball Joint,Suspension,Isuzu,1250.0,อู่ซ่อมรถ,ขอนแก่น,0,1250.0,0.0,1250.0,Yes,4
ORD01217,2026-05-19,C0190,P012,4,Line OA,โอนเงิน,Oil Filter,Engine,Nissan,250.0,เจ้าของรถ,นครราชสีมา,0,1000.0,0.0,1000.0,No,4
ORD01530,2026-05-19,C0200,P012,1,Marketplace,PromptPay,Oil Filter,Engine,Nissan,250.0,อู่ซ่อมรถ,ภูเก็ต,0,250.0,0.0,250.0,No,4
ORD00143,2026-05-19,C0048,P010,1,Marketplace,โอนเงิน,AC Compressor,AC,Toyota,5800.0,ศูนย์บริการ,ชลบุรี,10,5800.0,580.0,5220.0,No,4
ORD00985,2026-05-19,C0130,P005,1,Mobile App,เก็บเงินปลายทาง,Spark Plug,Engine,Honda,320.0,อู่ซ่อมรถ,นครราชสีมา,10,320.0,32.0,288.0,Yes,4
ORD01076,2026-05-20,C0011,P001,4,Facebook,เก็บเงินปลายทาง,Brake Pad,Brake,Toyota,850.0,เจ้าของรถ,นครราชสีมา,0,3400.0,0.0,3400.0,No,3
ORD01473,2026-05-20,C0223,P012,2,Mobile App,บัตรเครดิต,Oil Filter,Engine,Nissan,250.0,เจ้าของรถ,เชียงใหม่,5,500.0,25.0,475.0,No,5
ORD01244,2026-05-20,C0002,P010,1,Mobile App,บัตรเครดิต,AC Compressor,AC,Toyota,5800.0,ร้านอะไหล่,ชลบุรี,15,5800.0,870.0,4930.0,No,3
ORD00273,2026-05-21,C0084,P011,1,Facebook,เก็บเงินปลายทาง,Brake Fluid,Brake,Nissan,280.0,เจ้าของรถ,นครราชสีมา,0,280.0,0.0,280.0,No,4
ORD01764,2026-05-21,C0101,P014,2,Line OA,โอนเงิน,Clutch Set,Engine,Isuzu,3900.0,เจ้าของรถ,ฉะเชิงเทรา,5,7800.0,390.0,7410.0,No,5
ORD00732,2026-05-21,C0216,P014,4,Mobile App,บัตรเครดิต,Clutch Set,Engine,Isuzu,3900.0,ร้านอะไหล่,เชียงใหม่,0,15600.0,0.0,15600.0,Yes,3
ORD00559,2026-05-21,C0062,P018,1,Website,บัตรเครดิต,Fuel Pump,Engine,Toyota,2700.0,เจ้าของรถ,ภูเก็ต,0,2700.0,0.0,2700.0,Yes,4
ORD00520,2026-05-21,C0171,P009,1,Facebook,บัตรเครดิต,Starter Motor,Electrical,Honda,4200.0,ร้านอะไหล่,ภูเก็ต,0,4200.0,0.0,4200.0,Yes,4
ORD01073,2026-05-21,C0104,P001,1,Mobile App,PromptPay,Brake Pad,Brake,Toyota,850.0,เจ้าของรถ,ภูเก็ต,15,850.0,127.5,722.5,No,5
ORD01547,2026-05-22,C0156,P002,2,Website,โอนเงิน,Brake Disc,Brake,Honda,1650.0,เจ้าของรถ,ระยอง,5,3300.0,165.0,3135.0,Yes,4
ORD01425,2026-05-22,C0232,P001,1,Mobile App,เก็บเงินปลายทาง,Brake Pad,Brake,Toyota,850.0,อู่ซ่อมรถ,ภูเก็ต,10,850.0,85.0,765.0,Yes,4
ORD00034,2026-05-22,C0060,P009,2,Website,PromptPay,Starter Motor,Electrical,Honda,4200.0,อู่ซ่อมรถ,นครราชสีมา,15,8400.0,1260.0,7140.0,No,5
ORD00235,2026-05-22,C0144,P015,3,Website,บัตรเครดิต,Radiator Hose,Cooling,Honda,650.0,ร้านอะไหล่,ขอนแก่น,15,1950.0,292.5,1657.5,No,4
ORD00011,2026-05-22,C0138,P017,3,Facebook,เก็บเงินปลายทาง,Wheel Bearing,Suspension,Honda,1450.0,เจ้าของรถ,เชียงใหม่,0,4350.0,0.0,4350.0,Yes,3
ORD00422,2026-05-22,C0240,P017,4,Mobile App,เก็บเงินปลายทาง,Wheel Bearing,Suspension,Honda,1450.0,เจ้าของรถ,กรุงเทพมหานคร,0,5800.0,0.0,5800.0,Yes,3
ORD00289,2026-05-22,C0027,P004,2,Mobile App,PromptPay,Air Filter,Engine,Toyota,450.0,ร้านอะไหล่,ระยอง,0,900.0,0.0,900.0,Yes,4
ORD00061,2026-05-22,C0194,P011,1,Website,PromptPay,Brake Fluid,Brake,Nissan,280.0,เจ้าของรถ,ขอนแก่น,15,280.0,42.0,238.0,No,4
ORD01556,2026-05-22,C0166,P003,1,Marketplace,บัตรเครดิต,Car Battery,Electrical,Toyota,2800.0,ศูนย์บริการ,กรุงเทพมหานคร,0,2800.0,0.0,2800.0,Yes,3
ORD00171,2026-05-23,C0050,P017,2,Website,เก็บเงินปลายทาง,Wheel Bearing,Suspension,Honda,1450.0,เจ้าของรถ,เชียงใหม่,0,2900.0,0.0,2900.0,Yes,5
ORD00640,2026-05-23,C0118,P010,2,Mobile App,บัตรเครดิต,AC Compressor,AC,Toyota,5800.0,เจ้าของรถ,ฉะเชิงเทรา,15,11600.0,1740.0,9860.0,Yes,5
ORD00110,2026-05-23,C0061,P002,3,Website,บัตรเครดิต,Brake Disc,Brake,Honda,1650.0,เจ้าของรถ,กรุงเทพมหานคร,0,4950.0,0.0,4950.0,No,3
ORD01648,2026-05-23,C0159,P008,1,Facebook,โอนเงิน,Radiator,Cooling,Isuzu,3500.0,เจ้าของรถ,เชียงใหม่,0,3500.0,0.0,3500.0,Yes,5
ORD00027,2026-05-23,C0170,P017,4,Website,PromptPay,Wheel Bearing,Suspension,Honda,1450.0,เจ้าของรถ,ขอนแก่น,5,5800.0,290.0,5510.0,Yes,5
ORD01763,2026-05-23,C0159,P011,3,Website,โอนเงิน,Brake Fluid,Brake,Nissan,280.0,เจ้าของรถ,เชียงใหม่,5,840.0,42.0,798.0,Yes,4
ORD00230,2026-05-23,C0124,P006,1,Mobile App,โอนเงิน,Ball Joint,Suspension,Isuzu,1250.0,ร้านอะไหล่,ฉะเชิงเทรา,0,1250.0,0.0,1250.0,Yes,4
ORD00831,2026-05-24,C0223,P006,1,Website,เก็บเงินปลายทาง,Ball Joint,Suspension,Isuzu,1250.0,เจ้าของรถ,เชียงใหม่,0,1250.0,0.0,1250.0,No,4
ORD01697,2026-05-24,C0163,P006,2,Marketplace,บัตรเครดิต,Ball Joint,Suspension,Isuzu,1250.0,เจ้าของรถ,ขอนแก่น,15,2500.0,375.0,2125.0,Yes,5
ORD00200,2026-05-24,C0167,P016,1,Facebook,เก็บเงินปลายทาง,AC Filter,AC,Toyota,380.0,อู่ซ่อมรถ,กรุงเทพมหานคร,0,380.0,0.0,380.0,Yes,5
ORD00100,2026-05-24,C0197,P015,2,Website,บัตรเครดิต,Radiator Hose,Cooling,Honda,650.0,เจ้าของรถ,เชียงใหม่,0,1300.0,0.0,1300.0,No,4
ORD01511,2026-05-24,C0150,P001,1,Mobile App,เก็บเงินปลายทาง,Brake Pad,Brake,Toyota,850.0,เจ้าของรถ,ฉะเชิงเทรา,15,850.0,127.5,722.5,Yes,5
ORD00537,2026-05-24,C0091,P005,1,Mobile App,เก็บเงินปลายทาง,Spark Plug,Engine,Honda,320.0,เจ้าของรถ,ชลบุรี,15,320.0,48.0,272.0,Yes,3
ORD00278,2026-05-24,C0151,P013,2,Line OA,โอนเงิน,Alternator,Electrical,Toyota,4800.0,ศูนย์บริการ,ระยอง,10,9600.0,960.0,8640.0,Yes,4
ORD00002,2026-05-24,C0109,P005,1,Facebook,PromptPay,Spark Plug,Engine,Honda,320.0,เจ้าของรถ,ฉะเชิงเทรา,0,320.0,0.0,320.0,Yes,4
ORD01055,2026-05-24,C0143,P016,2,Website,PromptPay,AC Filter,AC,Toyota,380.0,เจ้าของรถ,กรุงเทพมหานคร,0,760.0,0.0,760.0,No,4
ORD00391,2026-05-24,C0001,P002,1,Facebook,บัตรเครดิต,Brake Disc,Brake,Honda,1650.0,ร้านอะไหล่,ฉะเชิงเทรา,0,1650.0,0.0,1650.0,Yes,4
ORD01537,2026-05-24,C0156,P016,3,Mobile App,เก็บเงินปลายทาง,AC Filter,AC,Toyota,380.0,เจ้าของรถ,ระยอง,0,1140.0,0.0,1140.0,No,4
ORD00170,2026-05-25,C0203,P001,2,Website,บัตรเครดิต,Brake Pad,Brake,Toyota,850.0,เจ้าของรถ,ชลบุรี,10,1700.0,170.0,1530.0,No,4
ORD01684,2026-05-25,C0213,P006,1,Marketplace,PromptPay,Ball Joint,Suspension,Isuzu,1250.0,เจ้าของรถ,ภูเก็ต,5,1250.0,62.5,1187.5,Yes,5
ORD01638,2026-05-25,C0054,P015,1,Marketplace,PromptPay,Radiator Hose,Cooling,Honda,650.0,เจ้าของรถ,ฉะเชิงเทรา,0,650.0,0.0,650.0,No,4
ORD01749,2026-05-25,C0115,P006,2,Marketplace,บัตรเครดิต,Ball Joint,Suspension,Isuzu,1250.0,ร้านอะไหล่,ขอนแก่น,5,2500.0,125.0,2375.0,No,5
ORD00094,2026-05-25,C0107,P017,4,Facebook,บัตรเครดิต,Wheel Bearing,Suspension,Honda,1450.0,เจ้าของรถ,เชียงใหม่,0,5800.0,0.0,5800.0,Yes,4
ORD00351,2026-05-25,C0247,P018,1,Mobile App,โอนเงิน,Fuel Pump,Engine,Toyota,2700.0,อู่ซ่อมรถ,ขอนแก่น,0,2700.0,0.0,2700.0,Yes,4
ORD01227,2026-05-26,C0014,P014,2,Line OA,PromptPay,Clutch Set,Engine,Isuzu,3900.0,เจ้าของรถ,นครราชสีมา,0,7800.0,0.0,7800.0,No,4
ORD01542,2026-05-26,C0082,P007,2,Facebook,เก็บเงินปลายทาง,Shock Absorber,Suspension,Toyota,2200.0,เจ้าของรถ,ขอนแก่น,5,4400.0,220.0,4180.0,Yes,4
ORD00780,2026-05-27,C0070,P016,1,Marketplace,เก็บเงินปลายทาง,AC Filter,AC,Toyota,380.0,อู่ซ่อมรถ,ภูเก็ต,5,380.0,19.0,361.0,No,3
ORD01654,2026-05-27,C0115,P016,2,Line OA,บัตรเครดิต,AC Filter,AC,Toyota,380.0,ร้านอะไหล่,ขอนแก่น,5,760.0,38.0,722.0,No,5
ORD00607,2026-05-27,C0133,P016,1,Website,PromptPay,AC Filter,AC,Toyota,380.0,เจ้าของรถ,ขอนแก่น,10,380.0,38.0,342.0,Yes,4
ORD01447,2026-05-27,C0018,P011,4,Website,โอนเงิน,Brake Fluid,Brake,Nissan,280.0,ร้านอะไหล่,ชลบุรี,0,1120.0,0.0,1120.0,No,5
ORD00323,2026-05-27,C0164,P020,1,Website,PromptPay,Wiper Blade,Exterior,Nissan,420.0,ศูนย์บริการ,นครราชสีมา,0,420.0,0.0,420.0,Yes,5
ORD01339,2026-05-27,C0165,P003,4,Facebook,PromptPay,Car Battery,Electrical,Toyota,2800.0,ศูนย์บริการ,ภูเก็ต,0,11200.0,0.0,11200.0,Yes,4
ORD00849,2026-05-27,C0248,P007,1,Facebook,เก็บเงินปลายทาง,Shock Absorber,Suspension,Toyota,2200.0,เจ้าของรถ,ชลบุรี,15,2200.0,330.0,1870.0,Yes,4
ORD00689,2026-05-27,C0118,P011,3,Mobile App,บัตรเครดิต,Brake Fluid,Brake,Nissan,280.0,เจ้าของรถ,ฉะเชิงเทรา,5,840.0,42.0,798.0,No,5
ORD00528,2026-05-27,C0250,P017,2,Website,บัตรเครดิต,Wheel Bearing,Suspension,Honda,1450.0,อู่ซ่อมรถ,ภูเก็ต,15,2900.0,435.0,2465.0,No,4
ORD00388,2026-05-28,C0182,P013,2,Mobile App,โอนเงิน,Alternator,Electrical,Toyota,4800.0,ศูนย์บริการ,ฉะเชิงเทรา,0,9600.0,0.0,9600.0,No,4
ORD00510,2026-05-28,C0209,P014,2,Mobile App,บัตรเครดิต,Clutch Set,Engine,Isuzu,3900.0,เจ้าของรถ,ฉะเชิงเทรา,0,7800.0,0.0,7800.0,Yes,5
ORD00727,2026-05-28,C0174,P004,2,Mobile App,บัตรเครดิต,Air Filter,Engine,Toyota,450.0,อู่ซ่อมรถ,ขอนแก่น,15,900.0,135.0,765.0,Yes,5
ORD00139,2026-05-28,C0154,P014,2,Facebook,PromptPay,Clutch Set,Engine,Isuzu,3900.0,อู่ซ่อมรถ,ระยอง,10,7800.0,780.0,7020.0,Yes,4
ORD00738,2026-05-29,C0197,P001,1,Facebook,โอนเงิน,Brake Pad,Brake,Toyota,850.0,เจ้าของรถ,เชียงใหม่,0,850.0,0.0,850.0,No,4
ORD00539,2026-05-29,C0076,P011,1,Mobile App,เก็บเงินปลายทาง,Brake Fluid,Brake,Nissan,280.0,เจ้าของรถ,นครราชสีมา,0,280.0,0.0,280.0,No,4
ORD00218,2026-05-29,C0050,P002,1,Line OA,โอนเงิน,Brake Disc,Brake,Honda,1650.0,เจ้าของรถ,เชียงใหม่,0,1650.0,0.0,1650.0,Yes,5
ORD00930,2026-05-29,C0174,P011,4,Facebook,บัตรเครดิต,Brake Fluid,Brake,Nissan,280.0,อู่ซ่อมรถ,ขอนแก่น,0,1120.0,0.0,1120.0,No,4
ORD01023,2026-05-29,C0010,P004,2,Mobile App,เก็บเงินปลายทาง,Air Filter,Engine,Toyota,450.0,ศูนย์บริการ,ภูเก็ต,0,900.0,0.0,900.0,No,4
ORD00978,2026-05-29,C0053,P017,2,Line OA,โอนเงิน,Wheel Bearing,Suspension,Honda,1450.0,ร้านอะไหล่,นครราชสีมา,15,2900.0,435.0,2465.0,No,4
ORD01172,2026-05-30,C0191,P001,1,Website,โอนเงิน,Brake Pad,Brake,Toyota,850.0,เจ้าของรถ,เชียงใหม่,0,850.0,0.0,850.0,Yes,5
ORD00745,2026-05-30,C0225,P017,1,Mobile App,เก็บเงินปลายทาง,Wheel Bearing,Suspension,Honda,1450.0,เจ้าของรถ,นครราชสีมา,5,1450.0,72.5,1377.5,Yes,4
ORD00699,2026-05-30,C0196,P011,3,Website,บัตรเครดิต,Brake Fluid,Brake,Nissan,280.0,เจ้าของรถ,ขอนแก่น,10,840.0,84.0,756.0,Yes,4
ORD00458,2026-05-30,C0202,P016,4,Website,เก็บเงินปลายทาง,AC Filter,AC,Toyota,380.0,อู่ซ่อมรถ,ฉะเชิงเทรา,10,1520.0,152.0,1368.0,Yes,5
ORD01171,2026-05-31,C0096,P007,1,Facebook,โอนเงิน,Shock Absorber,Suspension,Toyota,2200.0,เจ้าของรถ,กรุงเทพมหานคร,0,2200.0,0.0,2200.0,Yes,4
ORD01431,2026-05-31,C0209,P020,1,Marketplace,บัตรเครดิต,Wiper Blade,Exterior,Nissan,420.0,เจ้าของรถ,ฉะเชิงเทรา,5,420.0,21.0,399.0,Yes,5
ORD00863,2026-05-31,C0218,P018,2,Line OA,บัตรเครดิต,Fuel Pump,Engine,Toyota,2700.0,เจ้าของรถ,ฉะเชิงเทรา,5,5400.0,270.0,5130.0,No,3
ORD01025,2026-05-31,C0086,P008,2,Website,เก็บเงินปลายทาง,Radiator,Cooling,Isuzu,3500.0,ร้านอะไหล่,นครราชสีมา,0,7000.0,0.0,7000.0,Yes,3
ORD00290,2026-05-31,C0188,P017,2,Website,เก็บเงินปลายทาง,Wheel Bearing,Suspension,Honda,1450.0,เจ้าของรถ,ชลบุรี,15,2900.0,435.0,2465.0,Yes,4
ORD01126,2026-05-31,C0225,P018,2,Website,เก็บเงินปลายทาง,Fuel Pump,Engine,Toyota,2700.0,เจ้าของรถ,นครราชสีมา,0,5400.0,0.0,5400.0,Yes,3
ORD00764,2026-05-31,C0187,P015,1,Line OA,โอนเงิน,Radiator Hose,Cooling,Honda,650.0,เจ้าของรถ,ภูเก็ต,0,650.0,0.0,650.0,Yes,3
ORD00802,2026-06-01,C0174,P019,1,Facebook,เก็บเงินปลายทาง,Headlight,Electrical,Isuzu,1800.0,อู่ซ่อมรถ,ขอนแก่น,0,1800.0,0.0,1800.0,Yes,4
ORD01463,2026-06-01,C0090,P019,1,Mobile App,เก็บเงินปลายทาง,Headlight,Electrical,Isuzu,1800.0,เจ้าของรถ,กรุงเทพมหานคร,0,1800.0,0.0,1800.0,Yes,4
ORD01166,2026-06-01,C0155,P011,1,Mobile App,PromptPay,Brake Fluid,Brake,Nissan,280.0,อู่ซ่อมรถ,ชลบุรี,10,280.0,28.0,252.0,No,4
ORD01557,2026-06-01,C0186,P005,4,Website,โอนเงิน,Spark Plug,Engine,Honda,320.0,อู่ซ่อมรถ,ชลบุรี,0,1280.0,0.0,1280.0,No,3
ORD00310,2026-06-01,C0043,P011,1,Website,โอนเงิน,Brake Fluid,Brake,Nissan,280.0,เจ้าของรถ,นครราชสีมา,0,280.0,0.0,280.0,Yes,4
ORD01333,2026-06-01,C0122,P003,3,Mobile App,บัตรเครดิต,Car Battery,Electrical,Toyota,2800.0,เจ้าของรถ,ภูเก็ต,0,8400.0,0.0,8400.0,No,4
ORD00522,2026-06-01,C0146,P006,2,Line OA,PromptPay,Ball Joint,Suspension,Isuzu,1250.0,เจ้าของรถ,ฉะเชิงเทรา,0,2500.0,0.0,2500.0,Yes,4
ORD00960,2026-06-02,C0059,P010,2,Website,โอนเงิน,AC Compressor,AC,Toyota,5800.0,เจ้าของรถ,นครราชสีมา,15,11600.0,1740.0,9860.0,Yes,4
ORD00544,2026-06-02,C0116,P015,2,Website,บัตรเครดิต,Radiator Hose,Cooling,Honda,650.0,อู่ซ่อมรถ,ชลบุรี,5,1300.0,65.0,1235.0,Yes,4
ORD00330,2026-06-02,C0145,P020,2,Facebook,เก็บเงินปลายทาง,Wiper Blade,Exterior,Nissan,420.0,เจ้าของรถ,ภูเก็ต,0,840.0,0.0,840.0,Yes,4
ORD00588,2026-06-02,C0151,P012,1,Mobile App,PromptPay,Oil Filter,Engine,Nissan,250.0,ศูนย์บริการ,ระยอง,15,250.0,37.5,212.5,No,4
ORD00222,2026-06-02,C0078,P007,3,Mobile App,PromptPay,Shock Absorber,Suspension,Toyota,2200.0,เจ้าของรถ,ฉะเชิงเทรา,15,6600.0,990.0,5610.0,No,5
ORD00874,2026-06-02,C0088,P012,4,Line OA,PromptPay,Oil Filter,Engine,Nissan,250.0,เจ้าของรถ,ฉะเชิงเทรา,0,1000.0,0.0,1000.0,Yes,3
ORD00440,2026-06-02,C0090,P004,3,Mobile App,บัตรเครดิต,Air Filter,Engine,Toyota,450.0,เจ้าของรถ,กรุงเทพมหานคร,15,1350.0,202.5,1147.5,Yes,4
ORD00256,2026-06-02,C0156,P002,3,Website,โอนเงิน,Brake Disc,Brake,Honda,1650.0,เจ้าของรถ,ระยอง,0,4950.0,0.0,4950.0,Yes,5
ORD00338,2026-06-02,C0048,P006,3,Line OA,เก็บเงินปลายทาง,Ball Joint,Suspension,Isuzu,1250.0,ศูนย์บริการ,ชลบุรี,15,3750.0,562.5,3187.5,No,4
ORD01122,2026-06-02,C0021,P014,2,Mobile App,โอนเงิน,Clutch Set,Engine,Isuzu,3900.0,เจ้าของรถ,ระยอง,15,7800.0,1170.0,6630.0,Yes,4
ORD01010,2026-06-03,C0173,P008,3,Line OA,PromptPay,Radiator,Cooling,Isuzu,3500.0,อู่ซ่อมรถ,เชียงใหม่,0,10500.0,0.0,10500.0,Yes,3
ORD00641,2026-06-03,C0231,P002,1,Mobile App,บัตรเครดิต,Brake Disc,Brake,Honda,1650.0,อู่ซ่อมรถ,ชลบุรี,10,1650.0,165.0,1485.0,No,4
ORD01220,2026-06-03,C0101,P014,3,Facebook,เก็บเงินปลายทาง,Clutch Set,Engine,Isuzu,3900.0,เจ้าของรถ,ฉะเชิงเทรา,15,11700.0,1755.0,9945.0,No,4
ORD00832,2026-06-03,C0109,P019,2,Marketplace,โอนเงิน,Headlight,Electrical,Isuzu,1800.0,เจ้าของรถ,ฉะเชิงเทรา,0,3600.0,0.0,3600.0,Yes,4
ORD00067,2026-06-03,C0064,P016,1,Line OA,บัตรเครดิต,AC Filter,AC,Toyota,380.0,อู่ซ่อมรถ,เชียงใหม่,0,380.0,0.0,380.0,Yes,4
ORD00618,2026-06-03,C0171,P007,3,Website,PromptPay,Shock Absorber,Suspension,Toyota,2200.0,ร้านอะไหล่,ภูเก็ต,10,6600.0,660.0,5940.0,No,5
ORD00912,2026-06-04,C0240,P011,1,Facebook,โอนเงิน,Brake Fluid,Brake,Nissan,280.0,เจ้าของรถ,กรุงเทพมหานคร,5,280.0,14.0,266.0,Yes,5
ORD00833,2026-06-04,C0013,P020,1,Line OA,PromptPay,Wiper Blade,Exterior,Nissan,420.0,เจ้าของรถ,ภูเก็ต,5,420.0,21.0,399.0,No,5
ORD01617,2026-06-04,C0118,P012,1,Mobile App,โอนเงิน,Oil Filter,Engine,Nissan,250.0,เจ้าของรถ,ฉะเชิงเทรา,10,250.0,25.0,225.0,No,5
ORD01529,2026-06-05,C0100,P017,4,Marketplace,บัตรเครดิต,Wheel Bearing,Suspension,Honda,1450.0,ร้านอะไหล่,กรุงเทพมหานคร,0,5800.0,0.0,5800.0,No,4
ORD00487,2026-06-05,C0179,P014,4,Marketplace,PromptPay,Clutch Set,Engine,Isuzu,3900.0,อู่ซ่อมรถ,นครราชสีมา,5,15600.0,780.0,14820.0,Yes,4
ORD00529,2026-06-05,C0242,P001,2,Marketplace,โอนเงิน,Brake Pad,Brake,Toyota,850.0,เจ้าของรถ,นครราชสีมา,0,1700.0,0.0,1700.0,Yes,4
ORD01720,2026-06-05,C0206,P007,1,Website,PromptPay,Shock Absorber,Suspension,Toyota,2200.0,อู่ซ่อมรถ,นครราชสีมา,0,2200.0,0.0,2200.0,No,3
ORD00266,2026-06-05,C0095,P018,2,Line OA,PromptPay,Fuel Pump,Engine,Toyota,2700.0,เจ้าของรถ,ฉะเชิงเทรา,5,5400.0,270.0,5130.0,Yes,4
ORD01628,2026-06-05,C0175,P004,1,Website,บัตรเครดิต,Air Filter,Engine,Toyota,450.0,อู่ซ่อมรถ,กรุงเทพมหานคร,5,450.0,22.5,427.5,Yes,5
ORD01260,2026-06-06,C0004,P014,4,Website,โอนเงิน,Clutch Set,Engine,Isuzu,3900.0,อู่ซ่อมรถ,ขอนแก่น,5,15600.0,780.0,14820.0,Yes,3
ORD01341,2026-06-06,C0142,P006,2,Line OA,โอนเงิน,Ball Joint,Suspension,Isuzu,1250.0,เจ้าของรถ,ขอนแก่น,0,2500.0,0.0,2500.0,No,4
ORD01074,2026-06-06,C0023,P013,2,Facebook,PromptPay,Alternator,Electrical,Toyota,4800.0,เจ้าของรถ,นครราชสีมา,10,9600.0,960.0,8640.0,Yes,4
ORD00075,2026-06-06,C0108,P005,2,Website,เก็บเงินปลายทาง,Spark Plug,Engine,Honda,320.0,เจ้าของรถ,กรุงเทพมหานคร,0,640.0,0.0,640.0,Yes,4
ORD01718,2026-06-06,C0196,P004,1,Mobile App,PromptPay,Air Filter,Engine,Toyota,450.0,เจ้าของรถ,ขอนแก่น,0,450.0,0.0,450.0,No,5
ORD01240,2026-06-06,C0153,P020,4,Website,บัตรเครดิต,Wiper Blade,Exterior,Nissan,420.0,เจ้าของรถ,ฉะเชิงเทรา,0,1680.0,0.0,1680.0,Yes,3
ORD00377,2026-06-06,C0239,P002,2,Mobile App,เก็บเงินปลายทาง,Brake Disc,Brake,Honda,1650.0,ศูนย์บริการ,กรุงเทพมหานคร,0,3300.0,0.0,3300.0,Yes,3
ORD00238,2026-06-06,C0010,P020,2,Facebook,โอนเงิน,Wiper Blade,Exterior,Nissan,420.0,ศูนย์บริการ,ภูเก็ต,15,840.0,126.0,714.0,Yes,4
ORD00638,2026-06-06,C0128,P015,1,Marketplace,บัตรเครดิต,Radiator Hose,Cooling,Honda,650.0,เจ้าของรถ,เชียงใหม่,10,650.0,65.0,585.0,Yes,4
ORD01187,2026-06-06,C0026,P003,4,Mobile App,เก็บเงินปลายทาง,Car Battery,Electrical,Toyota,2800.0,เจ้าของรถ,นครราชสีมา,0,11200.0,0.0,11200.0,Yes,4
ORD00450,2026-06-06,C0154,P014,1,Marketplace,โอนเงิน,Clutch Set,Engine,Isuzu,3900.0,อู่ซ่อมรถ,ระยอง,0,3900.0,0.0,3900.0,Yes,4
ORD01384,2026-06-06,C0217,P015,3,Facebook,โอนเงิน,Radiator Hose,Cooling,Honda,650.0,เจ้าของรถ,กรุงเทพมหานคร,0,1950.0,0.0,1950.0,No,5
ORD00407,2026-06-06,C0163,P001,4,Mobile App,PromptPay,Brake Pad,Brake,Toyota,850.0,เจ้าของรถ,ขอนแก่น,0,3400.0,0.0,3400.0,Yes,4
ORD00118,2026-06-06,C0185,P006,1,Website,โอนเงิน,Ball Joint,Suspension,Isuzu,1250.0,อู่ซ่อมรถ,ชลบุรี,15,1250.0,187.5,1062.5,Yes,4
ORD01149,2026-06-06,C0018,P011,1,Marketplace,บัตรเครดิต,Brake Fluid,Brake,Nissan,280.0,ร้านอะไหล่,ชลบุรี,5,280.0,14.0,266.0,Yes,3
ORD01368,2026-06-07,C0125,P016,2,Line OA,โอนเงิน,AC Filter,AC,Toyota,380.0,เจ้าของรถ,ระยอง,0,760.0,0.0,760.0,Yes,5
ORD00565,2026-06-07,C0014,P018,2,Marketplace,เก็บเงินปลายทาง,Fuel Pump,Engine,Toyota,2700.0,เจ้าของรถ,นครราชสีมา,5,5400.0,270.0,5130.0,Yes,4
ORD01031,2026-06-07,C0033,P002,1,Mobile App,โอนเงิน,Brake Disc,Brake,Honda,1650.0,อู่ซ่อมรถ,นครราชสีมา,15,1650.0,247.5,1402.5,Yes,4
ORD00371,2026-06-07,C0029,P014,2,Website,เก็บเงินปลายทาง,Clutch Set,Engine,Isuzu,3900.0,ร้านอะไหล่,กรุงเทพมหานคร,0,7800.0,0.0,7800.0,Yes,5
ORD01050,2026-06-07,C0153,P004,1,Marketplace,PromptPay,Air Filter,Engine,Toyota,450.0,เจ้าของรถ,ฉะเชิงเทรา,0,450.0,0.0,450.0,No,4
ORD01088,2026-06-08,C0225,P007,3,Marketplace,PromptPay,Shock Absorber,Suspension,Toyota,2200.0,เจ้าของรถ,นครราชสีมา,5,6600.0,330.0,6270.0,Yes,3
ORD00838,2026-06-08,C0115,P020,1,Line OA,PromptPay,Wiper Blade,Exterior,Nissan,420.0,ร้านอะไหล่,ขอนแก่น,0,420.0,0.0,420.0,Yes,5
ORD01441,2026-06-08,C0036,P003,3,Mobile App,บัตรเครดิต,Car Battery,Electrical,Toyota,2800.0,เจ้าของรถ,ฉะเชิงเทรา,5,8400.0,420.0,7980.0,Yes,5
ORD00524,2026-06-08,C0199,P005,1,Marketplace,เก็บเงินปลายทาง,Spark Plug,Engine,Honda,320.0,อู่ซ่อมรถ,กรุงเทพมหานคร,0,320.0,0.0,320.0,Yes,3
ORD01191,2026-06-08,C0166,P010,1,Marketplace,โอนเงิน,AC Compressor,AC,Toyota,5800.0,ศูนย์บริการ,กรุงเทพมหานคร,0,5800.0,0.0,5800.0,Yes,5
ORD00432,2026-06-08,C0103,P004,1,Mobile App,บัตรเครดิต,Air Filter,Engine,Toyota,450.0,เจ้าของรถ,ขอนแก่น,0,450.0,0.0,450.0,Yes,5
ORD00119,2026-06-08,C0250,P010,1,Line OA,โอนเงิน,AC Compressor,AC,Toyota,5800.0,อู่ซ่อมรถ,ภูเก็ต,0,5800.0,0.0,5800.0,Yes,5
ORD01455,2026-06-09,C0238,P019,1,Mobile App,โอนเงิน,Headlight,Electrical,Isuzu,1800.0,ร้านอะไหล่,นครราชสีมา,10,1800.0,180.0,1620.0,Yes,4
ORD00549,2026-06-09,C0013,P002,1,Line OA,เก็บเงินปลายทาง,Brake Disc,Brake,Honda,1650.0,เจ้าของรถ,ภูเก็ต,15,1650.0,247.5,1402.5,Yes,4
ORD00777,2026-06-09,C0059,P001,4,Line OA,เก็บเงินปลายทาง,Brake Pad,Brake,Toyota,850.0,เจ้าของรถ,นครราชสีมา,10,3400.0,340.0,3060.0,Yes,5
ORD00089,2026-06-09,C0214,P006,3,Website,เก็บเงินปลายทาง,Ball Joint,Suspension,Isuzu,1250.0,เจ้าของรถ,กรุงเทพมหานคร,0,3750.0,0.0,3750.0,No,4
ORD00650,2026-06-09,C0012,P016,2,Mobile App,โอนเงิน,AC Filter,AC,Toyota,380.0,เจ้าของรถ,กรุงเทพมหานคร,15,760.0,114.0,646.0,No,5
ORD01668,2026-06-09,C0005,P017,2,Facebook,PromptPay,Wheel Bearing,Suspension,Honda,1450.0,อู่ซ่อมรถ,ฉะเชิงเทรา,15,2900.0,435.0,2465.0,Yes,4
ORD01276,2026-06-09,C0075,P018,1,Mobile App,บัตรเครดิต,Fuel Pump,Engine,Toyota,2700.0,เจ้าของรถ,ระยอง,5,2700.0,135.0,2565.0,Yes,5
ORD00886,2026-06-10,C0124,P008,1,Line OA,PromptPay,Radiator,Cooling,Isuzu,3500.0,ร้านอะไหล่,ฉะเชิงเทรา,0,3500.0,0.0,3500.0,No,5
ORD01637,2026-06-10,C0181,P019,1,Mobile App,โอนเงิน,Headlight,Electrical,Isuzu,1800.0,เจ้าของรถ,ฉะเชิงเทรา,0,1800.0,0.0,1800.0,Yes,4
ORD01414,2026-06-10,C0132,P006,1,Mobile App,เก็บเงินปลายทาง,Ball Joint,Suspension,Isuzu,1250.0,เจ้าของรถ,กรุงเทพมหานคร,15,1250.0,187.5,1062.5,Yes,5
ORD01298,2026-06-10,C0152,P016,2,Website,โอนเงิน,AC Filter,AC,Toyota,380.0,เจ้าของรถ,นครราชสีมา,0,760.0,0.0,760.0,No,4
ORD00739,2026-06-10,C0224,P005,1,Line OA,เก็บเงินปลายทาง,Spark Plug,Engine,Honda,320.0,เจ้าของรถ,ฉะเชิงเทรา,5,320.0,16.0,304.0,No,5
ORD01614,2026-06-10,C0044,P020,2,Line OA,PromptPay,Wiper Blade,Exterior,Nissan,420.0,เจ้าของรถ,กรุงเทพมหานคร,0,840.0,0.0,840.0,No,4
ORD01213,2026-06-10,C0006,P008,1,Website,โอนเงิน,Radiator,Cooling,Isuzu,3500.0,เจ้าของรถ,กรุงเทพมหานคร,5,3500.0,175.0,3325.0,No,3
ORD00511,2026-06-10,C0058,P019,1,Website,โอนเงิน,Headlight,Electrical,Isuzu,1800.0,เจ้าของรถ,นครราชสีมา,10,1800.0,180.0,1620.0,Yes,5
ORD01584,2026-06-10,C0057,P015,1,Facebook,PromptPay,Radiator Hose,Cooling,Honda,650.0,เจ้าของรถ,ฉะเชิงเทรา,10,650.0,65.0,585.0,Yes,4
ORD00258,2026-06-10,C0225,P011,2,Website,เก็บเงินปลายทาง,Brake Fluid,Brake,Nissan,280.0,เจ้าของรถ,นครราชสีมา,10,560.0,56.0,504.0,No,3
ORD01690,2026-06-11,C0074,P005,1,Mobile App,โอนเงิน,Spark Plug,Engine,Honda,320.0,อู่ซ่อมรถ,กรุงเทพมหานคร,15,320.0,48.0,272.0,No,3
ORD01307,2026-06-11,C0090,P015,1,Website,โอนเงิน,Radiator Hose,Cooling,Honda,650.0,เจ้าของรถ,กรุงเทพมหานคร,15,650.0,97.5,552.5,No,5
ORD00715,2026-06-11,C0063,P017,1,Marketplace,โอนเงิน,Wheel Bearing,Suspension,Honda,1450.0,อู่ซ่อมรถ,ชลบุรี,0,1450.0,0.0,1450.0,Yes,3
ORD01623,2026-06-11,C0160,P018,3,Line OA,PromptPay,Fuel Pump,Engine,Toyota,2700.0,อู่ซ่อมรถ,ชลบุรี,10,8100.0,810.0,7290.0,Yes,4
ORD00798,2026-06-11,C0050,P003,1,Marketplace,บัตรเครดิต,Car Battery,Electrical,Toyota,2800.0,เจ้าของรถ,เชียงใหม่,15,2800.0,420.0,2380.0,No,4
ORD00318,2026-06-11,C0174,P013,4,Marketplace,เก็บเงินปลายทาง,Alternator,Electrical,Toyota,4800.0,อู่ซ่อมรถ,ขอนแก่น,10,19200.0,1920.0,17280.0,Yes,3
ORD00175,2026-06-11,C0028,P001,3,Website,บัตรเครดิต,Brake Pad,Brake,Toyota,850.0,เจ้าของรถ,ขอนแก่น,0,2550.0,0.0,2550.0,Yes,4
ORD00995,2026-06-12,C0072,P005,2,Website,เก็บเงินปลายทาง,Spark Plug,Engine,Honda,320.0,เจ้าของรถ,ภูเก็ต,0,640.0,0.0,640.0,Yes,3
ORD01685,2026-06-12,C0137,P013,2,Marketplace,PromptPay,Alternator,Electrical,Toyota,4800.0,ร้านอะไหล่,นครราชสีมา,0,9600.0,0.0,9600.0,Yes,4
ORD00502,2026-06-12,C0025,P014,2,Line OA,โอนเงิน,Clutch Set,Engine,Isuzu,3900.0,เจ้าของรถ,ขอนแก่น,10,7800.0,780.0,7020.0,Yes,3
ORD01404,2026-06-12,C0189,P008,1,Facebook,โอนเงิน,Radiator,Cooling,Isuzu,3500.0,เจ้าของรถ,ชลบุรี,0,3500.0,0.0,3500.0,Yes,3
ORD00658,2026-06-12,C0029,P019,4,Website,เก็บเงินปลายทาง,Headlight,Electrical,Isuzu,1800.0,ร้านอะไหล่,กรุงเทพมหานคร,0,7200.0,0.0,7200.0,Yes,5
ORD00414,2026-06-13,C0007,P012,1,Mobile App,เก็บเงินปลายทาง,Oil Filter,Engine,Nissan,250.0,เจ้าของรถ,นครราชสีมา,5,250.0,12.5,237.5,Yes,4
ORD01686,2026-06-13,C0154,P002,4,Marketplace,เก็บเงินปลายทาง,Brake Disc,Brake,Honda,1650.0,อู่ซ่อมรถ,ระยอง,15,6600.0,990.0,5610.0,Yes,5
ORD01365,2026-06-13,C0074,P015,3,Marketplace,โอนเงิน,Radiator Hose,Cooling,Honda,650.0,อู่ซ่อมรถ,กรุงเทพมหานคร,5,1950.0,97.5,1852.5,Yes,5
ORD01210,2026-06-13,C0210,P015,1,Line OA,บัตรเครดิต,Radiator Hose,Cooling,Honda,650.0,ร้านอะไหล่,ฉะเชิงเทรา,0,650.0,0.0,650.0,Yes,3
ORD01746,2026-06-13,C0226,P020,1,Facebook,เก็บเงินปลายทาง,Wiper Blade,Exterior,Nissan,420.0,เจ้าของรถ,ระยอง,0,420.0,0.0,420.0,Yes,5
ORD01603,2026-06-13,C0219,P018,2,Website,บัตรเครดิต,Fuel Pump,Engine,Toyota,2700.0,เจ้าของรถ,ขอนแก่น,15,5400.0,810.0,4590.0,No,5
ORD00606,2026-06-13,C0052,P007,1,Website,เก็บเงินปลายทาง,Shock Absorber,Suspension,Toyota,2200.0,เจ้าของรถ,ภูเก็ต,15,2200.0,330.0,1870.0,Yes,3
ORD01422,2026-06-13,C0186,P012,2,Mobile App,เก็บเงินปลายทาง,Oil Filter,Engine,Nissan,250.0,อู่ซ่อมรถ,ชลบุรี,0,500.0,0.0,500.0,Yes,5
ORD01129,2026-06-13,C0149,P016,2,Website,บัตรเครดิต,AC Filter,AC,Toyota,380.0,เจ้าของรถ,เชียงใหม่,0,760.0,0.0,760.0,Yes,3
ORD01158,2026-06-14,C0175,P020,1,Facebook,บัตรเครดิต,Wiper Blade,Exterior,Nissan,420.0,อู่ซ่อมรถ,กรุงเทพมหานคร,10,420.0,42.0,378.0,No,4
ORD01015,2026-06-14,C0038,P002,2,Facebook,โอนเงิน,Brake Disc,Brake,Honda,1650.0,เจ้าของรถ,ระยอง,15,3300.0,495.0,2805.0,Yes,5
ORD01229,2026-06-14,C0147,P013,2,Website,บัตรเครดิต,Alternator,Electrical,Toyota,4800.0,ศูนย์บริการ,กรุงเทพมหานคร,5,9600.0,480.0,9120.0,No,4
ORD01482,2026-06-14,C0184,P012,2,Facebook,โอนเงิน,Oil Filter,Engine,Nissan,250.0,อู่ซ่อมรถ,ขอนแก่น,15,500.0,75.0,425.0,Yes,5
ORD01606,2026-06-14,C0014,P019,2,Website,โอนเงิน,Headlight,Electrical,Isuzu,1800.0,เจ้าของรถ,นครราชสีมา,15,3600.0,540.0,3060.0,Yes,5
ORD00905,2026-06-15,C0153,P005,1,Marketplace,PromptPay,Spark Plug,Engine,Honda,320.0,เจ้าของรถ,ฉะเชิงเทรา,0,320.0,0.0,320.0,Yes,4
ORD01320,2026-06-15,C0021,P013,3,Facebook,โอนเงิน,Alternator,Electrical,Toyota,4800.0,เจ้าของรถ,ระยอง,0,14400.0,0.0,14400.0,No,4
ORD00744,2026-06-15,C0102,P015,2,Marketplace,บัตรเครดิต,Radiator Hose,Cooling,Honda,650.0,อู่ซ่อมรถ,ชลบุรี,0,1300.0,0.0,1300.0,No,5
ORD00561,2026-06-15,C0178,P011,2,Line OA,เก็บเงินปลายทาง,Brake Fluid,Brake,Nissan,280.0,เจ้าของรถ,เชียงใหม่,5,560.0,28.0,532.0,Yes,4
ORD00409,2026-06-15,C0079,P006,2,Website,PromptPay,Ball Joint,Suspension,Isuzu,1250.0,อู่ซ่อมรถ,ระยอง,5,2500.0,125.0,2375.0,Yes,5
ORD00922,2026-06-15,C0047,P009,1,Facebook,บัตรเครดิต,Starter Motor,Electrical,Honda,4200.0,อู่ซ่อมรถ,ระยอง,0,4200.0,0.0,4200.0,No,5
ORD01540,2026-06-15,C0198,P006,2,Website,บัตรเครดิต,Ball Joint,Suspension,Isuzu,1250.0,เจ้าของรถ,ชลบุรี,5,2500.0,125.0,2375.0,No,3
ORD01750,2026-06-15,C0077,P005,1,Website,บัตรเครดิต,Spark Plug,Engine,Honda,320.0,อู่ซ่อมรถ,นครราชสีมา,0,320.0,0.0,320.0,No,4
ORD00919,2026-06-15,C0094,P004,2,Line OA,PromptPay,Air Filter,Engine,Toyota,450.0,เจ้าของรถ,ภูเก็ต,0,900.0,0.0,900.0,No,4
ORD01361,2026-06-15,C0226,P017,3,Facebook,บัตรเครดิต,Wheel Bearing,Suspension,Honda,1450.0,เจ้าของรถ,ระยอง,0,4350.0,0.0,4350.0,Yes,4
ORD00305,2026-06-15,C0145,P011,2,Facebook,เก็บเงินปลายทาง,Brake Fluid,Brake,Nissan,280.0,เจ้าของรถ,ภูเก็ต,5,560.0,28.0,532.0,Yes,4
ORD00756,2026-06-16,C0113,P014,2,Line OA,โอนเงิน,Clutch Set,Engine,Isuzu,3900.0,เจ้าของรถ,กรุงเทพมหานคร,0,7800.0,0.0,7800.0,Yes,5
ORD01331,2026-06-16,C0069,P016,1,Line OA,บัตรเครดิต,AC Filter,AC,Toyota,380.0,เจ้าของรถ,ฉะเชิงเทรา,5,380.0,19.0,361.0,Yes,4
ORD00138,2026-06-16,C0092,P007,1,Website,โอนเงิน,Shock Absorber,Suspension,Toyota,2200.0,เจ้าของรถ,ฉะเชิงเทรา,5,2200.0,110.0,2090.0,Yes,5
ORD00380,2026-06-16,C0142,P011,1,Website,PromptPay,Brake Fluid,Brake,Nissan,280.0,เจ้าของรถ,ขอนแก่น,0,280.0,0.0,280.0,No,3
ORD00269,2026-06-17,C0179,P017,4,Facebook,เก็บเงินปลายทาง,Wheel Bearing,Suspension,Honda,1450.0,อู่ซ่อมรถ,นครราชสีมา,0,5800.0,0.0,5800.0,No,4
ORD01588,2026-06-17,C0046,P007,4,Marketplace,เก็บเงินปลายทาง,Shock Absorber,Suspension,Toyota,2200.0,ศูนย์บริการ,เชียงใหม่,10,8800.0,880.0,7920.0,Yes,4
ORD01777,2026-06-17,C0016,P001,4,Website,บัตรเครดิต,Brake Pad,Brake,Toyota,850.0,เจ้าของรถ,ฉะเชิงเทรา,0,3400.0,0.0,3400.0,Yes,5
ORD00421,2026-06-17,C0196,P003,4,Website,โอนเงิน,Car Battery,Electrical,Toyota,2800.0,เจ้าของรถ,ขอนแก่น,15,11200.0,1680.0,9520.0,Yes,5
ORD01094,2026-06-17,C0161,P004,2,Line OA,บัตรเครดิต,Air Filter,Engine,Toyota,450.0,เจ้าของรถ,ชลบุรี,0,900.0,0.0,900.0,Yes,4
ORD01249,2026-06-17,C0067,P010,3,Line OA,บัตรเครดิต,AC Compressor,AC,Toyota,5800.0,เจ้าของรถ,ฉะเชิงเทรา,15,17400.0,2610.0,14790.0,Yes,3
ORD01571,2026-06-17,C0248,P020,1,Line OA,PromptPay,Wiper Blade,Exterior,Nissan,420.0,เจ้าของรถ,ชลบุรี,0,420.0,0.0,420.0,Yes,4
ORD00686,2026-06-17,C0122,P001,4,Website,เก็บเงินปลายทาง,Brake Pad,Brake,Toyota,850.0,เจ้าของรถ,ภูเก็ต,0,3400.0,0.0,3400.0,Yes,4
ORD00081,2026-06-17,C0162,P019,2,Website,โอนเงิน,Headlight,Electrical,Isuzu,1800.0,อู่ซ่อมรถ,นครราชสีมา,5,3600.0,180.0,3420.0,Yes,3
ORD01369,2026-06-18,C0211,P001,1,Facebook,บัตรเครดิต,Brake Pad,Brake,Toyota,850.0,ร้านอะไหล่,ขอนแก่น,5,850.0,42.5,807.5,No,4
ORD01400,2026-06-18,C0204,P012,1,Facebook,PromptPay,Oil Filter,Engine,Nissan,250.0,อู่ซ่อมรถ,ขอนแก่น,0,250.0,0.0,250.0,Yes,5
ORD01150,2026-06-18,C0239,P005,2,Mobile App,PromptPay,Spark Plug,Engine,Honda,320.0,ศูนย์บริการ,กรุงเทพมหานคร,0,640.0,0.0,640.0,No,3
ORD01726,2026-06-18,C0202,P018,1,Facebook,เก็บเงินปลายทาง,Fuel Pump,Engine,Toyota,2700.0,อู่ซ่อมรถ,ฉะเชิงเทรา,15,2700.0,405.0,2295.0,Yes,5
ORD01727,2026-06-18,C0037,P020,1,Website,บัตรเครดิต,Wiper Blade,Exterior,Nissan,420.0,เจ้าของรถ,ระยอง,10,420.0,42.0,378.0,Yes,5
ORD01732,2026-06-18,C0046,P011,3,Facebook,โอนเงิน,Brake Fluid,Brake,Nissan,280.0,ศูนย์บริการ,เชียงใหม่,0,840.0,0.0,840.0,Yes,4
ORD00958,2026-06-18,C0126,P003,2,Website,PromptPay,Car Battery,Electrical,Toyota,2800.0,เจ้าของรถ,ระยอง,0,5600.0,0.0,5600.0,No,4
ORD00667,2026-06-18,C0126,P002,2,Website,เก็บเงินปลายทาง,Brake Disc,Brake,Honda,1650.0,เจ้าของรถ,ระยอง,0,3300.0,0.0,3300.0,Yes,3
ORD00882,2026-06-18,C0169,P004,1,Facebook,บัตรเครดิต,Air Filter,Engine,Toyota,450.0,เจ้าของรถ,ชลบุรี,10,450.0,45.0,405.0,Yes,5
ORD01423,2026-06-18,C0245,P020,3,Marketplace,PromptPay,Wiper Blade,Exterior,Nissan,420.0,เจ้าของรถ,เชียงใหม่,0,1260.0,0.0,1260.0,Yes,4
ORD00261,2026-06-18,C0186,P013,2,Facebook,บัตรเครดิต,Alternator,Electrical,Toyota,4800.0,อู่ซ่อมรถ,ชลบุรี,5,9600.0,480.0,9120.0,Yes,4
ORD00587,2026-06-18,C0184,P008,3,Website,บัตรเครดิต,Radiator,Cooling,Isuzu,3500.0,อู่ซ่อมรถ,ขอนแก่น,5,10500.0,525.0,9975.0,No,4
ORD01506,2026-06-18,C0210,P003,1,Facebook,โอนเงิน,Car Battery,Electrical,Toyota,2800.0,ร้านอะไหล่,ฉะเชิงเทรา,10,2800.0,280.0,2520.0,No,5
ORD01761,2026-06-19,C0086,P012,3,Website,โอนเงิน,Oil Filter,Engine,Nissan,250.0,ร้านอะไหล่,นครราชสีมา,0,750.0,0.0,750.0,No,3
ORD00542,2026-06-19,C0147,P010,3,Facebook,โอนเงิน,AC Compressor,AC,Toyota,5800.0,ศูนย์บริการ,กรุงเทพมหานคร,0,17400.0,0.0,17400.0,Yes,4
ORD01218,2026-06-19,C0209,P015,1,Line OA,บัตรเครดิต,Radiator Hose,Cooling,Honda,650.0,เจ้าของรถ,ฉะเชิงเทรา,0,650.0,0.0,650.0,Yes,3
ORD00429,2026-06-19,C0085,P016,2,Mobile App,โอนเงิน,AC Filter,AC,Toyota,380.0,เจ้าของรถ,ฉะเชิงเทรา,10,760.0,76.0,684.0,Yes,4
ORD00217,2026-06-19,C0014,P003,2,Website,บัตรเครดิต,Car Battery,Electrical,Toyota,2800.0,เจ้าของรถ,นครราชสีมา,5,5600.0,280.0,5320.0,Yes,4
ORD00498,2026-06-20,C0241,P005,1,Marketplace,โอนเงิน,Spark Plug,Engine,Honda,320.0,เจ้าของรถ,ขอนแก่น,5,320.0,16.0,304.0,No,4
ORD00507,2026-06-20,C0158,P001,1,Website,เก็บเงินปลายทาง,Brake Pad,Brake,Toyota,850.0,อู่ซ่อมรถ,นครราชสีมา,15,850.0,127.5,722.5,No,4
ORD00167,2026-06-20,C0049,P001,1,Marketplace,เก็บเงินปลายทาง,Brake Pad,Brake,Toyota,850.0,อู่ซ่อมรถ,ภูเก็ต,5,850.0,42.5,807.5,Yes,3
ORD00733,2026-06-20,C0057,P004,2,Mobile App,โอนเงิน,Air Filter,Engine,Toyota,450.0,เจ้าของรถ,ฉะเชิงเทรา,5,900.0,45.0,855.0,No,3
ORD01237,2026-06-21,C0236,P003,3,Mobile App,บัตรเครดิต,Car Battery,Electrical,Toyota,2800.0,เจ้าของรถ,เชียงใหม่,0,8400.0,0.0,8400.0,Yes,3
ORD00899,2026-06-21,C0152,P013,2,Line OA,PromptPay,Alternator,Electrical,Toyota,4800.0,เจ้าของรถ,นครราชสีมา,0,9600.0,0.0,9600.0,No,4
ORD01357,2026-06-21,C0082,P018,1,Website,PromptPay,Fuel Pump,Engine,Toyota,2700.0,เจ้าของรถ,ขอนแก่น,0,2700.0,0.0,2700.0,Yes,5
ORD01784,2026-06-21,C0151,P005,2,Website,บัตรเครดิต,Spark Plug,Engine,Honda,320.0,ศูนย์บริการ,ระยอง,5,640.0,32.0,608.0,Yes,4
ORD00461,2026-06-21,C0111,P018,2,Mobile App,บัตรเครดิต,Fuel Pump,Engine,Toyota,2700.0,ร้านอะไหล่,ขอนแก่น,5,5400.0,270.0,5130.0,No,5
ORD01327,2026-06-22,C0093,P015,1,Line OA,PromptPay,Radiator Hose,Cooling,Honda,650.0,อู่ซ่อมรถ,กรุงเทพมหานคร,0,650.0,0.0,650.0,No,4
ORD00736,2026-06-22,C0032,P010,2,Facebook,บัตรเครดิต,AC Compressor,AC,Toyota,5800.0,เจ้าของรถ,กรุงเทพมหานคร,10,11600.0,1160.0,10440.0,No,4
ORD00637,2026-06-22,C0085,P017,1,Marketplace,โอนเงิน,Wheel Bearing,Suspension,Honda,1450.0,เจ้าของรถ,ฉะเชิงเทรา,0,1450.0,0.0,1450.0,No,4
ORD01113,2026-06-22,C0109,P012,2,Mobile App,เก็บเงินปลายทาง,Oil Filter,Engine,Nissan,250.0,เจ้าของรถ,ฉะเชิงเทรา,0,500.0,0.0,500.0,No,3
ORD00526,2026-06-22,C0216,P004,1,Marketplace,เก็บเงินปลายทาง,Air Filter,Engine,Toyota,450.0,ร้านอะไหล่,เชียงใหม่,0,450.0,0.0,450.0,No,5
ORD01169,2026-06-22,C0046,P003,1,Facebook,โอนเงิน,Car Battery,Electrical,Toyota,2800.0,ศูนย์บริการ,เชียงใหม่,0,2800.0,0.0,2800.0,Yes,5
ORD00564,2026-06-22,C0240,P015,1,Line OA,เก็บเงินปลายทาง,Radiator Hose,Cooling,Honda,650.0,เจ้าของรถ,กรุงเทพมหานคร,15,650.0,97.5,552.5,Yes,4
ORD00783,2026-06-23,C0250,P018,1,Website,PromptPay,Fuel Pump,Engine,Toyota,2700.0,อู่ซ่อมรถ,ภูเก็ต,10,2700.0,270.0,2430.0,No,5
ORD01130,2026-06-23,C0185,P017,3,Marketplace,บัตรเครดิต,Wheel Bearing,Suspension,Honda,1450.0,อู่ซ่อมรถ,ชลบุรี,5,4350.0,217.5,4132.5,No,4
ORD00593,2026-06-23,C0049,P008,2,Marketplace,บัตรเครดิต,Radiator,Cooling,Isuzu,3500.0,อู่ซ่อมรถ,ภูเก็ต,0,7000.0,0.0,7000.0,Yes,3
ORD00584,2026-06-23,C0234,P003,1,Mobile App,โอนเงิน,Car Battery,Electrical,Toyota,2800.0,เจ้าของรถ,นครราชสีมา,10,2800.0,280.0,2520.0,Yes,5
ORD01114,2026-06-23,C0122,P003,2,Mobile App,PromptPay,Car Battery,Electrical,Toyota,2800.0,เจ้าของรถ,ภูเก็ต,10,5600.0,560.0,5040.0,Yes,5
ORD00909,2026-06-24,C0213,P017,1,Mobile App,บัตรเครดิต,Wheel Bearing,Suspension,Honda,1450.0,เจ้าของรถ,ภูเก็ต,0,1450.0,0.0,1450.0,Yes,4
ORD01553,2026-06-24,C0031,P009,2,Facebook,PromptPay,Starter Motor,Electrical,Honda,4200.0,อู่ซ่อมรถ,ระยอง,15,8400.0,1260.0,7140.0,No,5
ORD00700,2026-06-24,C0082,P015,2,Mobile App,โอนเงิน,Radiator Hose,Cooling,Honda,650.0,เจ้าของรถ,ขอนแก่น,10,1300.0,130.0,1170.0,No,4
ORD01498,2026-06-24,C0168,P003,1,Website,บัตรเครดิต,Car Battery,Electrical,Toyota,2800.0,เจ้าของรถ,ระยอง,15,2800.0,420.0,2380.0,Yes,4
ORD00779,2026-06-25,C0212,P008,3,Website,เก็บเงินปลายทาง,Radiator,Cooling,Isuzu,3500.0,เจ้าของรถ,ระยอง,15,10500.0,1575.0,8925.0,Yes,4
ORD01389,2026-06-25,C0093,P007,2,Marketplace,บัตรเครดิต,Shock Absorber,Suspension,Toyota,2200.0,อู่ซ่อมรถ,กรุงเทพมหานคร,0,4400.0,0.0,4400.0,Yes,3
ORD00308,2026-06-25,C0241,P004,2,Website,เก็บเงินปลายทาง,Air Filter,Engine,Toyota,450.0,เจ้าของรถ,ขอนแก่น,5,900.0,45.0,855.0,No,4
ORD00420,2026-06-25,C0205,P014,2,Mobile App,โอนเงิน,Clutch Set,Engine,Isuzu,3900.0,เจ้าของรถ,ภูเก็ต,5,7800.0,390.0,7410.0,No,5
ORD01626,2026-06-25,C0028,P004,1,Mobile App,PromptPay,Air Filter,Engine,Toyota,450.0,เจ้าของรถ,ขอนแก่น,15,450.0,67.5,382.5,No,5
ORD01793,2026-06-25,C0053,P013,4,Marketplace,โอนเงิน,Alternator,Electrical,Toyota,4800.0,ร้านอะไหล่,นครราชสีมา,0,19200.0,0.0,19200.0,Yes,4
ORD00755,2026-06-25,C0033,P018,1,Line OA,โอนเงิน,Fuel Pump,Engine,Toyota,2700.0,อู่ซ่อมรถ,นครราชสีมา,10,2700.0,270.0,2430.0,Yes,4
ORD00296,2026-06-26,C0025,P018,2,Mobile App,PromptPay,Fuel Pump,Engine,Toyota,2700.0,เจ้าของรถ,ขอนแก่น,0,5400.0,0.0,5400.0,No,4
ORD00760,2026-06-26,C0225,P016,4,Line OA,PromptPay,AC Filter,AC,Toyota,380.0,เจ้าของรถ,นครราชสีมา,10,1520.0,152.0,1368.0,No,4
ORD01691,2026-06-26,C0197,P016,4,Marketplace,โอนเงิน,AC Filter,AC,Toyota,380.0,เจ้าของรถ,เชียงใหม่,0,1520.0,0.0,1520.0,No,5
ORD00384,2026-06-26,C0163,P016,1,Mobile App,เก็บเงินปลายทาง,AC Filter,AC,Toyota,380.0,เจ้าของรถ,ขอนแก่น,10,380.0,38.0,342.0,No,3
ORD01683,2026-06-26,C0180,P003,3,Mobile App,บัตรเครดิต,Car Battery,Electrical,Toyota,2800.0,อู่ซ่อมรถ,ภูเก็ต,5,8400.0,420.0,7980.0,No,4
ORD00165,2026-06-26,C0165,P020,4,Marketplace,เก็บเงินปลายทาง,Wiper Blade,Exterior,Nissan,420.0,ศูนย์บริการ,ภูเก็ต,15,1680.0,252.0,1428.0,No,3
ORD00920,2026-06-26,C0050,P012,2,Website,โอนเงิน,Oil Filter,Engine,Nissan,250.0,เจ้าของรถ,เชียงใหม่,10,500.0,50.0,450.0,No,5
ORD00575,2026-06-27,C0221,P010,4,Line OA,บัตรเครดิต,AC Compressor,AC,Toyota,5800.0,เจ้าของรถ,นครราชสีมา,0,23200.0,0.0,23200.0,Yes,5
ORD00280,2026-06-27,C0102,P010,1,Website,บัตรเครดิต,AC Compressor,AC,Toyota,5800.0,อู่ซ่อมรถ,ชลบุรี,0,5800.0,0.0,5800.0,Yes,4
ORD01042,2026-06-27,C0123,P006,3,Marketplace,บัตรเครดิต,Ball Joint,Suspension,Isuzu,1250.0,เจ้าของรถ,ชลบุรี,0,3750.0,0.0,3750.0,Yes,4
ORD01290,2026-06-27,C0139,P005,1,Mobile App,PromptPay,Spark Plug,Engine,Honda,320.0,อู่ซ่อมรถ,ระยอง,15,320.0,48.0,272.0,Yes,3
ORD01228,2026-06-27,C0103,P002,4,Website,บัตรเครดิต,Brake Disc,Brake,Honda,1650.0,เจ้าของรถ,ขอนแก่น,0,6600.0,0.0,6600.0,Yes,4
ORD00383,2026-06-27,C0031,P012,2,Mobile App,เก็บเงินปลายทาง,Oil Filter,Engine,Nissan,250.0,อู่ซ่อมรถ,ระยอง,0,500.0,0.0,500.0,No,5
ORD01411,2026-06-27,C0048,P009,1,Line OA,บัตรเครดิต,Starter Motor,Electrical,Honda,4200.0,ศูนย์บริการ,ชลบุรี,15,4200.0,630.0,3570.0,No,4
ORD00567,2026-06-27,C0128,P018,4,Marketplace,โอนเงิน,Fuel Pump,Engine,Toyota,2700.0,เจ้าของรถ,เชียงใหม่,0,10800.0,0.0,10800.0,Yes,4
ORD00766,2026-06-27,C0178,P013,3,Marketplace,บัตรเครดิต,Alternator,Electrical,Toyota,4800.0,เจ้าของรถ,เชียงใหม่,10,14400.0,1440.0,12960.0,Yes,4
ORD01026,2026-06-28,C0081,P007,1,Website,โอนเงิน,Shock Absorber,Suspension,Toyota,2200.0,ร้านอะไหล่,ขอนแก่น,0,2200.0,0.0,2200.0,Yes,4
ORD00363,2026-06-28,C0197,P001,4,Website,โอนเงิน,Brake Pad,Brake,Toyota,850.0,เจ้าของรถ,เชียงใหม่,0,3400.0,0.0,3400.0,No,5
ORD00055,2026-06-28,C0233,P011,2,Mobile App,โอนเงิน,Brake Fluid,Brake,Nissan,280.0,เจ้าของรถ,กรุงเทพมหานคร,10,560.0,56.0,504.0,Yes,3
ORD01472,2026-06-28,C0240,P001,4,Website,โอนเงิน,Brake Pad,Brake,Toyota,850.0,เจ้าของรถ,กรุงเทพมหานคร,0,3400.0,0.0,3400.0,Yes,4
ORD00369,2026-06-28,C0059,P001,3,Website,เก็บเงินปลายทาง,Brake Pad,Brake,Toyota,850.0,เจ้าของรถ,นครราชสีมา,15,2550.0,382.5,2167.5,Yes,5
ORD01083,2026-06-28,C0213,P007,2,Mobile App,โอนเงิน,Shock Absorber,Suspension,Toyota,2200.0,เจ้าของรถ,ภูเก็ต,15,4400.0,660.0,3740.0,Yes,5
ORD01319,2026-06-28,C0144,P003,3,Website,บัตรเครดิต,Car Battery,Electrical,Toyota,2800.0,ร้านอะไหล่,ขอนแก่น,10,8400.0,840.0,7560.0,No,4
ORD00210,2026-06-28,C0011,P001,4,Facebook,เก็บเงินปลายทาง,Brake Pad,Brake,Toyota,850.0,เจ้าของรถ,นครราชสีมา,0,3400.0,0.0,3400.0,No,3
ORD00991,2026-06-29,C0004,P020,2,Mobile App,เก็บเงินปลายทาง,Wiper Blade,Exterior,Nissan,420.0,อู่ซ่อมรถ,ขอนแก่น,5,840.0,42.0,798.0,No,5
ORD00126,2026-06-29,C0104,P014,1,Website,PromptPay,Clutch Set,Engine,Isuzu,3900.0,เจ้าของรถ,ภูเก็ต,10,3900.0,390.0,3510.0,Yes,4
ORD00395,2026-06-29,C0233,P020,1,Mobile App,PromptPay,Wiper Blade,Exterior,Nissan,420.0,เจ้าของรถ,กรุงเทพมหานคร,15,420.0,63.0,357.0,Yes,4
ORD00313,2026-06-29,C0096,P007,1,Website,PromptPay,Shock Absorber,Suspension,Toyota,2200.0,เจ้าของรถ,กรุงเทพมหานคร,0,2200.0,0.0,2200.0,Yes,4
ORD00424,2026-06-29,C0018,P008,4,Line OA,บัตรเครดิต,Radiator,Cooling,Isuzu,3500.0,ร้านอะไหล่,ชลบุรี,15,14000.0,2100.0,11900.0,No,5
ORD00703,2026-06-29,C0188,P011,1,Facebook,บัตรเครดิต,Brake Fluid,Brake,Nissan,280.0,เจ้าของรถ,ชลบุรี,0,280.0,0.0,280.0,No,4
ORD01572,2026-06-29,C0236,P007,1,Facebook,เก็บเงินปลายทาง,Shock Absorber,Suspension,Toyota,2200.0,เจ้าของรถ,เชียงใหม่,0,2200.0,0.0,2200.0,No,4
ORD00441,2026-06-30,C0082,P014,2,Website,PromptPay,Clutch Set,Engine,Isuzu,3900.0,เจ้าของรถ,ขอนแก่น,5,7800.0,390.0,7410.0,No,4
ORD00184,2026-06-30,C0067,P010,2,Website,บัตรเครดิต,AC Compressor,AC,Toyota,5800.0,เจ้าของรถ,ฉะเชิงเทรา,0,11600.0,0.0,11600.0,Yes,5
ORD01147,2026-06-30,C0096,P018,4,Marketplace,โอนเงิน,Fuel Pump,Engine,Toyota,2700.0,เจ้าของรถ,กรุงเทพมหานคร,5,10800.0,540.0,10260.0,No,4
ORD01692,2026-06-30,C0167,P015,4,Facebook,โอนเงิน,Radiator Hose,Cooling,Honda,650.0,อู่ซ่อมรถ,กรุงเทพมหานคร,0,2600.0,0.0,2600.0,No,4
ORD00684,2026-06-30,C0004,P011,1,Mobile App,PromptPay,Brake Fluid,Brake,Nissan,280.0,อู่ซ่อมรถ,ขอนแก่น,10,280.0,28.0,252.0,No,4
ORD00827,2026-07-01,C0114,P005,1,Line OA,โอนเงิน,Spark Plug,Engine,Honda,320.0,ร้านอะไหล่,กรุงเทพมหานคร,15,320.0,48.0,272.0,Yes,4
ORD00979,2026-07-01,C0149,P019,2,Website,เก็บเงินปลายทาง,Headlight,Electrical,Isuzu,1800.0,เจ้าของรถ,เชียงใหม่,15,3600.0,540.0,3060.0,No,4
ORD01248,2026-07-01,C0134,P004,2,Facebook,PromptPay,Air Filter,Engine,Toyota,450.0,เจ้าของรถ,ขอนแก่น,0,900.0,0.0,900.0,Yes,3
ORD00346,2026-07-01,C0047,P004,1,Marketplace,เก็บเงินปลายทาง,Air Filter,Engine,Toyota,450.0,อู่ซ่อมรถ,ระยอง,5,450.0,22.5,427.5,Yes,5
ORD01242,2026-07-01,C0139,P008,4,Mobile App,โอนเงิน,Radiator,Cooling,Isuzu,3500.0,อู่ซ่อมรถ,ระยอง,5,14000.0,700.0,13300.0,No,5
ORD01348,2026-07-01,C0197,P002,3,Mobile App,บัตรเครดิต,Brake Disc,Brake,Honda,1650.0,เจ้าของรถ,เชียงใหม่,0,4950.0,0.0,4950.0,Yes,5
ORD01269,2026-07-02,C0101,P006,1,Facebook,บัตรเครดิต,Ball Joint,Suspension,Isuzu,1250.0,เจ้าของรถ,ฉะเชิงเทรา,15,1250.0,187.5,1062.5,No,4
ORD01277,2026-07-02,C0079,P018,2,Mobile App,โอนเงิน,Fuel Pump,Engine,Toyota,2700.0,อู่ซ่อมรถ,ระยอง,10,5400.0,540.0,4860.0,Yes,4
ORD01407,2026-07-02,C0192,P020,1,Website,PromptPay,Wiper Blade,Exterior,Nissan,420.0,อู่ซ่อมรถ,ภูเก็ต,15,420.0,63.0,357.0,Yes,3
ORD00946,2026-07-02,C0199,P019,4,Mobile App,บัตรเครดิต,Headlight,Electrical,Isuzu,1800.0,อู่ซ่อมรถ,กรุงเทพมหานคร,0,7200.0,0.0,7200.0,No,4
ORD01391,2026-07-03,C0145,P014,2,Website,PromptPay,Clutch Set,Engine,Isuzu,3900.0,เจ้าของรถ,ภูเก็ต,0,7800.0,0.0,7800.0,No,3
ORD00834,2026-07-03,C0077,P018,1,Line OA,โอนเงิน,Fuel Pump,Engine,Toyota,2700.0,อู่ซ่อมรถ,นครราชสีมา,10,2700.0,270.0,2430.0,No,4
ORD01754,2026-07-04,C0110,P013,2,Website,เก็บเงินปลายทาง,Alternator,Electrical,Toyota,4800.0,เจ้าของรถ,กรุงเทพมหานคร,5,9600.0,480.0,9120.0,Yes,4
ORD01658,2026-07-04,C0049,P018,2,Website,โอนเงิน,Fuel Pump,Engine,Toyota,2700.0,อู่ซ่อมรถ,ภูเก็ต,0,5400.0,0.0,5400.0,No,5
ORD00911,2026-07-04,C0121,P013,2,Marketplace,โอนเงิน,Alternator,Electrical,Toyota,4800.0,เจ้าของรถ,กรุงเทพมหานคร,15,9600.0,1440.0,8160.0,Yes,4
ORD00231,2026-07-04,C0036,P002,1,Mobile App,PromptPay,Brake Disc,Brake,Honda,1650.0,เจ้าของรถ,ฉะเชิงเทรา,5,1650.0,82.5,1567.5,No,4
ORD01436,2026-07-04,C0188,P014,4,Line OA,โอนเงิน,Clutch Set,Engine,Isuzu,3900.0,เจ้าของรถ,ชลบุรี,0,15600.0,0.0,15600.0,No,5
ORD00533,2026-07-04,C0110,P015,1,Line OA,PromptPay,Radiator Hose,Cooling,Honda,650.0,เจ้าของรถ,กรุงเทพมหานคร,5,650.0,32.5,617.5,Yes,4
ORD00892,2026-07-04,C0127,P019,4,Website,PromptPay,Headlight,Electrical,Isuzu,1800.0,เจ้าของรถ,ภูเก็ต,15,7200.0,1080.0,6120.0,No,5
ORD00185,2026-07-04,C0012,P013,2,Marketplace,โอนเงิน,Alternator,Electrical,Toyota,4800.0,เจ้าของรถ,กรุงเทพมหานคร,5,9600.0,480.0,9120.0,Yes,4
ORD01489,2026-07-04,C0239,P004,3,Website,โอนเงิน,Air Filter,Engine,Toyota,450.0,ศูนย์บริการ,กรุงเทพมหานคร,10,1350.0,135.0,1215.0,Yes,5
ORD01752,2026-07-05,C0179,P007,1,Facebook,บัตรเครดิต,Shock Absorber,Suspension,Toyota,2200.0,อู่ซ่อมรถ,นครราชสีมา,15,2200.0,330.0,1870.0,Yes,5
ORD01226,2026-07-05,C0133,P020,1,Facebook,บัตรเครดิต,Wiper Blade,Exterior,Nissan,420.0,เจ้าของรถ,ขอนแก่น,10,420.0,42.0,378.0,No,5
ORD01233,2026-07-05,C0166,P007,1,Website,PromptPay,Shock Absorber,Suspension,Toyota,2200.0,ศูนย์บริการ,กรุงเทพมหานคร,10,2200.0,220.0,1980.0,Yes,4
ORD01680,2026-07-06,C0114,P003,1,Website,เก็บเงินปลายทาง,Car Battery,Electrical,Toyota,2800.0,ร้านอะไหล่,กรุงเทพมหานคร,10,2800.0,280.0,2520.0,No,4
ORD01080,2026-07-06,C0178,P014,1,Website,PromptPay,Clutch Set,Engine,Isuzu,3900.0,เจ้าของรถ,เชียงใหม่,10,3900.0,390.0,3510.0,Yes,5
ORD01760,2026-07-06,C0015,P020,1,Website,โอนเงิน,Wiper Blade,Exterior,Nissan,420.0,เจ้าของรถ,ภูเก็ต,10,420.0,42.0,378.0,Yes,5
ORD01705,2026-07-06,C0065,P017,2,Marketplace,PromptPay,Wheel Bearing,Suspension,Honda,1450.0,เจ้าของรถ,ระยอง,15,2900.0,435.0,2465.0,Yes,5
ORD01595,2026-07-06,C0035,P003,2,Mobile App,PromptPay,Car Battery,Electrical,Toyota,2800.0,เจ้าของรถ,ฉะเชิงเทรา,15,5600.0,840.0,4760.0,No,4
ORD01401,2026-07-06,C0216,P017,1,Line OA,บัตรเครดิต,Wheel Bearing,Suspension,Honda,1450.0,ร้านอะไหล่,เชียงใหม่,10,1450.0,145.0,1305.0,Yes,4
ORD01797,2026-07-06,C0098,P016,1,Mobile App,บัตรเครดิต,AC Filter,AC,Toyota,380.0,เจ้าของรถ,ภูเก็ต,15,380.0,57.0,323.0,Yes,4
ORD00954,2026-07-06,C0176,P018,2,Marketplace,PromptPay,Fuel Pump,Engine,Toyota,2700.0,ศูนย์บริการ,ขอนแก่น,0,5400.0,0.0,5400.0,No,5
ORD01493,2026-07-06,C0025,P018,2,Line OA,บัตรเครดิต,Fuel Pump,Engine,Toyota,2700.0,เจ้าของรถ,ขอนแก่น,0,5400.0,0.0,5400.0,Yes,5
ORD01178,2026-07-07,C0119,P019,1,Website,เก็บเงินปลายทาง,Headlight,Electrical,Isuzu,1800.0,เจ้าของรถ,เชียงใหม่,15,1800.0,270.0,1530.0,Yes,5
ORD00888,2026-07-07,C0110,P015,3,Marketplace,บัตรเครดิต,Radiator Hose,Cooling,Honda,650.0,เจ้าของรถ,กรุงเทพมหานคร,0,1950.0,0.0,1950.0,No,5
ORD00372,2026-07-07,C0067,P019,4,Website,PromptPay,Headlight,Electrical,Isuzu,1800.0,เจ้าของรถ,ฉะเชิงเทรา,15,7200.0,1080.0,6120.0,Yes,3
ORD00286,2026-07-07,C0120,P017,1,Mobile App,บัตรเครดิต,Wheel Bearing,Suspension,Honda,1450.0,เจ้าของรถ,ภูเก็ต,5,1450.0,72.5,1377.5,Yes,4
ORD01005,2026-07-07,C0025,P008,4,Mobile App,PromptPay,Radiator,Cooling,Isuzu,3500.0,เจ้าของรถ,ขอนแก่น,10,14000.0,1400.0,12600.0,No,5
ORD00648,2026-07-08,C0103,P002,3,Website,เก็บเงินปลายทาง,Brake Disc,Brake,Honda,1650.0,เจ้าของรถ,ขอนแก่น,15,4950.0,742.5,4207.5,No,3
ORD00810,2026-07-08,C0045,P008,1,Mobile App,บัตรเครดิต,Radiator,Cooling,Isuzu,3500.0,เจ้าของรถ,เชียงใหม่,5,3500.0,175.0,3325.0,No,5
ORD00569,2026-07-08,C0146,P012,1,Website,โอนเงิน,Oil Filter,Engine,Nissan,250.0,เจ้าของรถ,ฉะเชิงเทรา,0,250.0,0.0,250.0,Yes,3
ORD00060,2026-07-08,C0188,P013,2,Website,บัตรเครดิต,Alternator,Electrical,Toyota,4800.0,เจ้าของรถ,ชลบุรี,10,9600.0,960.0,8640.0,Yes,4
ORD01717,2026-07-08,C0067,P015,2,Mobile App,เก็บเงินปลายทาง,Radiator Hose,Cooling,Honda,650.0,เจ้าของรถ,ฉะเชิงเทรา,15,1300.0,195.0,1105.0,Yes,4
ORD00992,2026-07-08,C0073,P013,4,Mobile App,บัตรเครดิต,Alternator,Electrical,Toyota,4800.0,ศูนย์บริการ,ชลบุรี,0,19200.0,0.0,19200.0,No,4
ORD01231,2026-07-08,C0077,P013,1,Website,บัตรเครดิต,Alternator,Electrical,Toyota,4800.0,อู่ซ่อมรถ,นครราชสีมา,0,4800.0,0.0,4800.0,Yes,4
ORD00394,2026-07-08,C0008,P018,4,Mobile App,บัตรเครดิต,Fuel Pump,Engine,Toyota,2700.0,เจ้าของรถ,ชลบุรี,0,10800.0,0.0,10800.0,Yes,4
ORD00109,2026-07-09,C0185,P013,4,Website,บัตรเครดิต,Alternator,Electrical,Toyota,4800.0,อู่ซ่อมรถ,ชลบุรี,0,19200.0,0.0,19200.0,No,5
ORD01097,2026-07-09,C0099,P012,2,Website,โอนเงิน,Oil Filter,Engine,Nissan,250.0,ร้านอะไหล่,ชลบุรี,10,500.0,50.0,450.0,Yes,4
ORD01670,2026-07-09,C0128,P018,2,Website,PromptPay,Fuel Pump,Engine,Toyota,2700.0,เจ้าของรถ,เชียงใหม่,15,5400.0,810.0,4590.0,No,4
ORD00582,2026-07-09,C0249,P016,2,Mobile App,โอนเงิน,AC Filter,AC,Toyota,380.0,ร้านอะไหล่,ภูเก็ต,10,760.0,76.0,684.0,Yes,5
ORD01099,2026-07-09,C0003,P019,2,Website,เก็บเงินปลายทาง,Headlight,Electrical,Isuzu,1800.0,เจ้าของรถ,ระยอง,15,3600.0,540.0,3060.0,No,3
ORD00157,2026-07-09,C0101,P012,1,Marketplace,บัตรเครดิต,Oil Filter,Engine,Nissan,250.0,เจ้าของรถ,ฉะเชิงเทรา,10,250.0,25.0,225.0,No,3
ORD00396,2026-07-10,C0006,P012,2,Website,บัตรเครดิต,Oil Filter,Engine,Nissan,250.0,เจ้าของรถ,กรุงเทพมหานคร,0,500.0,0.0,500.0,No,4
ORD00939,2026-07-10,C0147,P006,2,Website,บัตรเครดิต,Ball Joint,Suspension,Isuzu,1250.0,ศูนย์บริการ,กรุงเทพมหานคร,0,2500.0,0.0,2500.0,Yes,4
ORD01151,2026-07-10,C0209,P001,1,Mobile App,PromptPay,Brake Pad,Brake,Toyota,850.0,เจ้าของรถ,ฉะเชิงเทรา,0,850.0,0.0,850.0,No,4
ORD00294,2026-07-10,C0087,P019,1,Mobile App,PromptPay,Headlight,Electrical,Isuzu,1800.0,ร้านอะไหล่,กรุงเทพมหานคร,10,1800.0,180.0,1620.0,No,5
ORD01354,2026-07-10,C0218,P011,2,Website,เก็บเงินปลายทาง,Brake Fluid,Brake,Nissan,280.0,เจ้าของรถ,ฉะเชิงเทรา,0,560.0,0.0,560.0,No,4
ORD00938,2026-07-10,C0250,P006,1,Facebook,โอนเงิน,Ball Joint,Suspension,Isuzu,1250.0,อู่ซ่อมรถ,ภูเก็ต,15,1250.0,187.5,1062.5,No,4
ORD00438,2026-07-10,C0205,P004,2,Facebook,เก็บเงินปลายทาง,Air Filter,Engine,Toyota,450.0,เจ้าของรถ,ภูเก็ต,0,900.0,0.0,900.0,No,4
ORD01629,2026-07-10,C0012,P018,1,Website,เก็บเงินปลายทาง,Fuel Pump,Engine,Toyota,2700.0,เจ้าของรถ,กรุงเทพมหานคร,0,2700.0,0.0,2700.0,No,3
ORD01453,2026-07-10,C0047,P008,1,Facebook,โอนเงิน,Radiator,Cooling,Isuzu,3500.0,อู่ซ่อมรถ,ระยอง,0,3500.0,0.0,3500.0,Yes,4
ORD00824,2026-07-11,C0222,P005,2,Marketplace,โอนเงิน,Spark Plug,Engine,Honda,320.0,อู่ซ่อมรถ,กรุงเทพมหานคร,0,640.0,0.0,640.0,Yes,3
ORD00073,2026-07-11,C0068,P017,1,Marketplace,โอนเงิน,Wheel Bearing,Suspension,Honda,1450.0,อู่ซ่อมรถ,ขอนแก่น,0,1450.0,0.0,1450.0,Yes,4
ORD01223,2026-07-11,C0042,P015,3,Line OA,PromptPay,Radiator Hose,Cooling,Honda,650.0,ร้านอะไหล่,ชลบุรี,15,1950.0,292.5,1657.5,Yes,5
ORD01450,2026-07-11,C0186,P006,3,Mobile App,โอนเงิน,Ball Joint,Suspension,Isuzu,1250.0,อู่ซ่อมรถ,ชลบุรี,0,3750.0,0.0,3750.0,Yes,4
ORD01075,2026-07-11,C0128,P018,1,Line OA,PromptPay,Fuel Pump,Engine,Toyota,2700.0,เจ้าของรถ,เชียงใหม่,15,2700.0,405.0,2295.0,Yes,5
ORD01602,2026-07-11,C0190,P017,1,Website,บัตรเครดิต,Wheel Bearing,Suspension,Honda,1450.0,เจ้าของรถ,นครราชสีมา,0,1450.0,0.0,1450.0,No,4
ORD01062,2026-07-11,C0241,P013,2,Line OA,PromptPay,Alternator,Electrical,Toyota,4800.0,เจ้าของรถ,ขอนแก่น,0,9600.0,0.0,9600.0,No,5
ORD00329,2026-07-11,C0208,P008,2,Facebook,บัตรเครดิต,Radiator,Cooling,Isuzu,3500.0,ศูนย์บริการ,ฉะเชิงเทรา,5,7000.0,350.0,6650.0,No,4
ORD01145,2026-07-11,C0072,P016,3,Website,โอนเงิน,AC Filter,AC,Toyota,380.0,เจ้าของรถ,ภูเก็ต,0,1140.0,0.0,1140.0,Yes,5
ORD01701,2026-07-11,C0224,P007,1,Facebook,โอนเงิน,Shock Absorber,Suspension,Toyota,2200.0,เจ้าของรถ,ฉะเชิงเทรา,15,2200.0,330.0,1870.0,Yes,4
ORD01131,2026-07-11,C0219,P002,3,Mobile App,บัตรเครดิต,Brake Disc,Brake,Honda,1650.0,เจ้าของรถ,ขอนแก่น,15,4950.0,742.5,4207.5,No,5
ORD00345,2026-07-12,C0081,P012,2,Website,บัตรเครดิต,Oil Filter,Engine,Nissan,250.0,ร้านอะไหล่,ขอนแก่น,0,500.0,0.0,500.0,No,3
ORD01444,2026-07-12,C0110,P018,1,Marketplace,เก็บเงินปลายทาง,Fuel Pump,Engine,Toyota,2700.0,เจ้าของรถ,กรุงเทพมหานคร,0,2700.0,0.0,2700.0,Yes,4
ORD01291,2026-07-12,C0077,P015,4,Mobile App,โอนเงิน,Radiator Hose,Cooling,Honda,650.0,อู่ซ่อมรถ,นครราชสีมา,10,2600.0,260.0,2340.0,Yes,5
ORD01160,2026-07-12,C0041,P019,1,Line OA,บัตรเครดิต,Headlight,Electrical,Isuzu,1800.0,ร้านอะไหล่,ฉะเชิงเทรา,15,1800.0,270.0,1530.0,No,3
ORD01294,2026-07-12,C0034,P011,3,Mobile App,บัตรเครดิต,Brake Fluid,Brake,Nissan,280.0,อู่ซ่อมรถ,นครราชสีมา,0,840.0,0.0,840.0,No,3
ORD00097,2026-07-12,C0201,P020,1,Mobile App,PromptPay,Wiper Blade,Exterior,Nissan,420.0,เจ้าของรถ,ขอนแก่น,0,420.0,0.0,420.0,No,4
ORD00790,2026-07-12,C0212,P008,2,Facebook,โอนเงิน,Radiator,Cooling,Isuzu,3500.0,เจ้าของรถ,ระยอง,0,7000.0,0.0,7000.0,No,5
ORD00574,2026-07-12,C0171,P010,1,Marketplace,เก็บเงินปลายทาง,AC Compressor,AC,Toyota,5800.0,ร้านอะไหล่,ภูเก็ต,5,5800.0,290.0,5510.0,No,5
ORD00029,2026-07-13,C0095,P005,3,Facebook,PromptPay,Spark Plug,Engine,Honda,320.0,เจ้าของรถ,ฉะเชิงเทรา,5,960.0,48.0,912.0,Yes,5
ORD00552,2026-07-13,C0133,P020,1,Mobile App,บัตรเครดิต,Wiper Blade,Exterior,Nissan,420.0,เจ้าของรถ,ขอนแก่น,0,420.0,0.0,420.0,Yes,4
ORD00361,2026-07-13,C0002,P005,1,Mobile App,PromptPay,Spark Plug,Engine,Honda,320.0,ร้านอะไหล่,ชลบุรี,5,320.0,16.0,304.0,No,4
ORD00105,2026-07-13,C0093,P012,3,Line OA,โอนเงิน,Oil Filter,Engine,Nissan,250.0,อู่ซ่อมรถ,กรุงเทพมหานคร,10,750.0,75.0,675.0,No,3
ORD01077,2026-07-13,C0005,P013,1,Website,บัตรเครดิต,Alternator,Electrical,Toyota,4800.0,อู่ซ่อมรถ,ฉะเชิงเทรา,0,4800.0,0.0,4800.0,Yes,4
ORD00801,2026-07-13,C0134,P011,2,Mobile App,บัตรเครดิต,Brake Fluid,Brake,Nissan,280.0,เจ้าของรถ,ขอนแก่น,10,560.0,56.0,504.0,No,4
ORD01709,2026-07-14,C0151,P015,2,Website,บัตรเครดิต,Radiator Hose,Cooling,Honda,650.0,ศูนย์บริการ,ระยอง,0,1300.0,0.0,1300.0,Yes,5
ORD00645,2026-07-14,C0095,P003,2,Website,บัตรเครดิต,Car Battery,Electrical,Toyota,2800.0,เจ้าของรถ,ฉะเชิงเทรา,0,5600.0,0.0,5600.0,No,4
ORD01434,2026-07-14,C0196,P015,1,Mobile App,โอนเงิน,Radiator Hose,Cooling,Honda,650.0,เจ้าของรถ,ขอนแก่น,0,650.0,0.0,650.0,Yes,4
ORD01601,2026-07-14,C0191,P017,3,Website,เก็บเงินปลายทาง,Wheel Bearing,Suspension,Honda,1450.0,เจ้าของรถ,เชียงใหม่,0,4350.0,0.0,4350.0,No,4
ORD00615,2026-07-14,C0088,P016,1,Facebook,บัตรเครดิต,AC Filter,AC,Toyota,380.0,เจ้าของรถ,ฉะเชิงเทรา,5,380.0,19.0,361.0,No,4
ORD00292,2026-07-14,C0018,P020,1,Line OA,PromptPay,Wiper Blade,Exterior,Nissan,420.0,ร้านอะไหล่,ชลบุรี,0,420.0,0.0,420.0,Yes,4
ORD01379,2026-07-14,C0050,P010,3,Facebook,PromptPay,AC Compressor,AC,Toyota,5800.0,เจ้าของรถ,เชียงใหม่,0,17400.0,0.0,17400.0,Yes,5
ORD00191,2026-07-14,C0013,P018,2,Website,เก็บเงินปลายทาง,Fuel Pump,Engine,Toyota,2700.0,เจ้าของรถ,ภูเก็ต,5,5400.0,270.0,5130.0,Yes,5
ORD01630,2026-07-15,C0121,P002,4,Mobile App,โอนเงิน,Brake Disc,Brake,Honda,1650.0,เจ้าของรถ,กรุงเทพมหานคร,0,6600.0,0.0,6600.0,Yes,5
ORD01469,2026-07-15,C0201,P004,1,Facebook,PromptPay,Air Filter,Engine,Toyota,450.0,เจ้าของรถ,ขอนแก่น,0,450.0,0.0,450.0,No,5
ORD01012,2026-07-16,C0056,P013,1,Website,เก็บเงินปลายทาง,Alternator,Electrical,Toyota,4800.0,อู่ซ่อมรถ,ระยอง,5,4800.0,240.0,4560.0,Yes,4
ORD01615,2026-07-16,C0051,P019,3,Marketplace,PromptPay,Headlight,Electrical,Isuzu,1800.0,เจ้าของรถ,นครราชสีมา,0,5400.0,0.0,5400.0,Yes,3
ORD00237,2026-07-16,C0052,P020,4,Mobile App,โอนเงิน,Wiper Blade,Exterior,Nissan,420.0,เจ้าของรถ,ภูเก็ต,15,1680.0,252.0,1428.0,No,4
ORD01483,2026-07-16,C0176,P010,1,Marketplace,โอนเงิน,AC Compressor,AC,Toyota,5800.0,ศูนย์บริการ,ขอนแก่น,10,5800.0,580.0,5220.0,Yes,4
ORD00554,2026-07-16,C0083,P010,4,Mobile App,บัตรเครดิต,AC Compressor,AC,Toyota,5800.0,ร้านอะไหล่,กรุงเทพมหานคร,10,23200.0,2320.0,20880.0,No,5
ORD00597,2026-07-17,C0130,P018,2,Website,โอนเงิน,Fuel Pump,Engine,Toyota,2700.0,อู่ซ่อมรถ,นครราชสีมา,0,5400.0,0.0,5400.0,Yes,4
ORD00761,2026-07-17,C0208,P010,3,Website,เก็บเงินปลายทาง,AC Compressor,AC,Toyota,5800.0,ศูนย์บริการ,ฉะเชิงเทรา,15,17400.0,2610.0,14790.0,Yes,4
ORD00425,2026-07-17,C0229,P010,3,Website,PromptPay,AC Compressor,AC,Toyota,5800.0,เจ้าของรถ,กรุงเทพมหานคร,0,17400.0,0.0,17400.0,No,5
ORD00672,2026-07-17,C0124,P020,1,Website,โอนเงิน,Wiper Blade,Exterior,Nissan,420.0,ร้านอะไหล่,ฉะเชิงเทรา,0,420.0,0.0,420.0,No,4
ORD01488,2026-07-18,C0099,P002,1,Website,โอนเงิน,Brake Disc,Brake,Honda,1650.0,ร้านอะไหล่,ชลบุรี,0,1650.0,0.0,1650.0,No,4
ORD00135,2026-07-18,C0023,P003,1,Facebook,PromptPay,Car Battery,Electrical,Toyota,2800.0,เจ้าของรถ,นครราชสีมา,5,2800.0,140.0,2660.0,Yes,4
ORD00656,2026-07-19,C0163,P005,1,Facebook,บัตรเครดิต,Spark Plug,Engine,Honda,320.0,เจ้าของรถ,ขอนแก่น,10,320.0,32.0,288.0,Yes,4
ORD00349,2026-07-19,C0081,P003,2,Website,บัตรเครดิต,Car Battery,Electrical,Toyota,2800.0,ร้านอะไหล่,ขอนแก่น,0,5600.0,0.0,5600.0,Yes,4
ORD01301,2026-07-19,C0093,P015,2,Website,เก็บเงินปลายทาง,Radiator Hose,Cooling,Honda,650.0,อู่ซ่อมรถ,กรุงเทพมหานคร,0,1300.0,0.0,1300.0,No,3
ORD01419,2026-07-19,C0157,P012,1,Mobile App,โอนเงิน,Oil Filter,Engine,Nissan,250.0,เจ้าของรถ,ภูเก็ต,5,250.0,12.5,237.5,Yes,4
ORD00253,2026-07-19,C0191,P002,2,Website,PromptPay,Brake Disc,Brake,Honda,1650.0,เจ้าของรถ,เชียงใหม่,10,3300.0,330.0,2970.0,No,5
ORD01467,2026-07-19,C0189,P011,2,Marketplace,PromptPay,Brake Fluid,Brake,Nissan,280.0,เจ้าของรถ,ชลบุรี,10,560.0,56.0,504.0,Yes,5
ORD00880,2026-07-19,C0153,P003,1,Facebook,บัตรเครดิต,Car Battery,Electrical,Toyota,2800.0,เจ้าของรถ,ฉะเชิงเทรา,0,2800.0,0.0,2800.0,Yes,4
ORD00174,2026-07-20,C0151,P014,1,Website,โอนเงิน,Clutch Set,Engine,Isuzu,3900.0,ศูนย์บริการ,ระยอง,15,3900.0,585.0,3315.0,No,5
ORD00636,2026-07-20,C0065,P017,2,Facebook,บัตรเครดิต,Wheel Bearing,Suspension,Honda,1450.0,เจ้าของรถ,ระยอง,5,2900.0,145.0,2755.0,Yes,4
ORD01464,2026-07-20,C0136,P015,1,Mobile App,PromptPay,Radiator Hose,Cooling,Honda,650.0,ร้านอะไหล่,ขอนแก่น,5,650.0,32.5,617.5,No,4
ORD01346,2026-07-20,C0128,P018,2,Line OA,เก็บเงินปลายทาง,Fuel Pump,Engine,Toyota,2700.0,เจ้าของรถ,เชียงใหม่,15,5400.0,810.0,4590.0,No,3
ORD00652,2026-07-21,C0180,P003,1,Mobile App,PromptPay,Car Battery,Electrical,Toyota,2800.0,อู่ซ่อมรถ,ภูเก็ต,0,2800.0,0.0,2800.0,Yes,4
ORD00453,2026-07-21,C0034,P015,1,Website,โอนเงิน,Radiator Hose,Cooling,Honda,650.0,อู่ซ่อมรถ,นครราชสีมา,5,650.0,32.5,617.5,No,4
ORD01608,2026-07-21,C0228,P012,3,Marketplace,โอนเงิน,Oil Filter,Engine,Nissan,250.0,ร้านอะไหล่,ภูเก็ต,10,750.0,75.0,675.0,No,4
ORD00020,2026-07-21,C0092,P008,4,Marketplace,เก็บเงินปลายทาง,Radiator,Cooling,Isuzu,3500.0,เจ้าของรถ,ฉะเชิงเทรา,15,14000.0,2100.0,11900.0,Yes,4
ORD01412,2026-07-21,C0060,P016,2,Website,โอนเงิน,AC Filter,AC,Toyota,380.0,อู่ซ่อมรถ,นครราชสีมา,0,760.0,0.0,760.0,Yes,4
ORD00134,2026-07-21,C0110,P016,1,Mobile App,โอนเงิน,AC Filter,AC,Toyota,380.0,เจ้าของรถ,กรุงเทพมหานคร,10,380.0,38.0,342.0,Yes,4
ORD00762,2026-07-21,C0073,P004,4,Facebook,โอนเงิน,Air Filter,Engine,Toyota,450.0,ศูนย์บริการ,ชลบุรี,0,1800.0,0.0,1800.0,Yes,5
ORD00006,2026-07-22,C0151,P020,4,Facebook,เก็บเงินปลายทาง,Wiper Blade,Exterior,Nissan,420.0,ศูนย์บริการ,ระยอง,5,1680.0,84.0,1596.0,Yes,5
ORD01786,2026-07-22,C0216,P012,2,Mobile App,บัตรเครดิต,Oil Filter,Engine,Nissan,250.0,ร้านอะไหล่,เชียงใหม่,10,500.0,50.0,450.0,No,4
ORD00617,2026-07-22,C0066,P014,4,Line OA,บัตรเครดิต,Clutch Set,Engine,Isuzu,3900.0,เจ้าของรถ,ชลบุรี,0,15600.0,0.0,15600.0,No,5
ORD00513,2026-07-23,C0031,P019,3,Marketplace,โอนเงิน,Headlight,Electrical,Isuzu,1800.0,อู่ซ่อมรถ,ระยอง,15,5400.0,810.0,4590.0,Yes,4
ORD00389,2026-07-23,C0003,P009,1,Website,โอนเงิน,Starter Motor,Electrical,Honda,4200.0,เจ้าของรถ,ระยอง,0,4200.0,0.0,4200.0,Yes,5
ORD00752,2026-07-23,C0110,P015,2,Line OA,โอนเงิน,Radiator Hose,Cooling,Honda,650.0,เจ้าของรถ,กรุงเทพมหานคร,0,1300.0,0.0,1300.0,Yes,3
ORD01428,2026-07-24,C0017,P008,3,Mobile App,โอนเงิน,Radiator,Cooling,Isuzu,3500.0,เจ้าของรถ,เชียงใหม่,10,10500.0,1050.0,9450.0,Yes,5
ORD01694,2026-07-24,C0163,P020,2,Facebook,บัตรเครดิต,Wiper Blade,Exterior,Nissan,420.0,เจ้าของรถ,ขอนแก่น,0,840.0,0.0,840.0,No,5
ORD00403,2026-07-24,C0141,P009,3,Facebook,เก็บเงินปลายทาง,Starter Motor,Electrical,Honda,4200.0,เจ้าของรถ,ขอนแก่น,5,12600.0,630.0,11970.0,No,5
ORD01536,2026-07-24,C0084,P008,2,Mobile App,โอนเงิน,Radiator,Cooling,Isuzu,3500.0,เจ้าของรถ,นครราชสีมา,15,7000.0,1050.0,5950.0,No,4
ORD00043,2026-07-24,C0134,P008,4,Facebook,เก็บเงินปลายทาง,Radiator,Cooling,Isuzu,3500.0,เจ้าของรถ,ขอนแก่น,10,14000.0,1400.0,12600.0,No,4
ORD00120,2026-07-24,C0168,P003,1,Line OA,เก็บเงินปลายทาง,Car Battery,Electrical,Toyota,2800.0,เจ้าของรถ,ระยอง,10,2800.0,280.0,2520.0,Yes,4
ORD01558,2026-07-24,C0183,P004,4,Facebook,โอนเงิน,Air Filter,Engine,Toyota,450.0,ร้านอะไหล่,กรุงเทพมหานคร,15,1800.0,270.0,1530.0,Yes,5
ORD00694,2026-07-24,C0184,P007,2,Mobile App,PromptPay,Shock Absorber,Suspension,Toyota,2200.0,อู่ซ่อมรถ,ขอนแก่น,15,4400.0,660.0,3740.0,No,5
ORD01022,2026-07-25,C0034,P006,1,Mobile App,โอนเงิน,Ball Joint,Suspension,Isuzu,1250.0,อู่ซ่อมรถ,นครราชสีมา,0,1250.0,0.0,1250.0,Yes,5
ORD01164,2026-07-25,C0173,P018,1,Marketplace,PromptPay,Fuel Pump,Engine,Toyota,2700.0,อู่ซ่อมรถ,เชียงใหม่,10,2700.0,270.0,2430.0,Yes,5
ORD01515,2026-07-25,C0227,P008,1,Line OA,PromptPay,Radiator,Cooling,Isuzu,3500.0,เจ้าของรถ,เชียงใหม่,0,3500.0,0.0,3500.0,Yes,3
ORD01315,2026-07-25,C0047,P002,1,Marketplace,โอนเงิน,Brake Disc,Brake,Honda,1650.0,อู่ซ่อมรถ,ระยอง,15,1650.0,247.5,1402.5,No,4
ORD01555,2026-07-25,C0118,P013,1,Facebook,บัตรเครดิต,Alternator,Electrical,Toyota,4800.0,เจ้าของรถ,ฉะเชิงเทรา,0,4800.0,0.0,4800.0,Yes,4
ORD00943,2026-07-25,C0110,P020,1,Line OA,โอนเงิน,Wiper Blade,Exterior,Nissan,420.0,เจ้าของรถ,กรุงเทพมหานคร,0,420.0,0.0,420.0,Yes,4
ORD01144,2026-07-25,C0081,P014,2,Line OA,เก็บเงินปลายทาง,Clutch Set,Engine,Isuzu,3900.0,ร้านอะไหล่,ขอนแก่น,10,7800.0,780.0,7020.0,No,3
ORD01222,2026-07-25,C0105,P005,1,Line OA,เก็บเงินปลายทาง,Spark Plug,Engine,Honda,320.0,อู่ซ่อมรถ,เชียงใหม่,0,320.0,0.0,320.0,No,4
ORD01011,2026-07-26,C0140,P003,1,Mobile App,บัตรเครดิต,Car Battery,Electrical,Toyota,2800.0,เจ้าของรถ,ระยอง,5,2800.0,140.0,2660.0,Yes,4
ORD00865,2026-07-26,C0037,P013,1,Line OA,บัตรเครดิต,Alternator,Electrical,Toyota,4800.0,เจ้าของรถ,ระยอง,5,4800.0,240.0,4560.0,Yes,4
ORD01101,2026-07-26,C0192,P004,1,Mobile App,บัตรเครดิต,Air Filter,Engine,Toyota,450.0,อู่ซ่อมรถ,ภูเก็ต,15,450.0,67.5,382.5,Yes,4
ORD01060,2026-07-26,C0061,P015,4,Website,PromptPay,Radiator Hose,Cooling,Honda,650.0,เจ้าของรถ,กรุงเทพมหานคร,0,2600.0,0.0,2600.0,Yes,4
ORD01605,2026-07-26,C0109,P009,2,Mobile App,โอนเงิน,Starter Motor,Electrical,Honda,4200.0,เจ้าของรถ,ฉะเชิงเทรา,0,8400.0,0.0,8400.0,Yes,4
ORD00608,2026-07-26,C0216,P019,1,Marketplace,เก็บเงินปลายทาง,Headlight,Electrical,Isuzu,1800.0,ร้านอะไหล่,เชียงใหม่,15,1800.0,270.0,1530.0,Yes,5
ORD00342,2026-07-26,C0219,P001,3,Website,โอนเงิน,Brake Pad,Brake,Toyota,850.0,เจ้าของรถ,ขอนแก่น,10,2550.0,255.0,2295.0,No,5
ORD01067,2026-07-26,C0116,P008,2,Marketplace,โอนเงิน,Radiator,Cooling,Isuzu,3500.0,อู่ซ่อมรถ,ชลบุรี,0,7000.0,0.0,7000.0,Yes,5
ORD00527,2026-07-26,C0015,P016,1,Line OA,โอนเงิน,AC Filter,AC,Toyota,380.0,เจ้าของรถ,ภูเก็ต,5,380.0,19.0,361.0,No,3
ORD01468,2026-07-27,C0152,P002,4,Website,โอนเงิน,Brake Disc,Brake,Honda,1650.0,เจ้าของรถ,นครราชสีมา,0,6600.0,0.0,6600.0,Yes,5
ORD00416,2026-07-27,C0126,P012,2,Marketplace,โอนเงิน,Oil Filter,Engine,Nissan,250.0,เจ้าของรถ,ระยอง,15,500.0,75.0,425.0,No,5
ORD01704,2026-07-28,C0178,P017,2,Line OA,เก็บเงินปลายทาง,Wheel Bearing,Suspension,Honda,1450.0,เจ้าของรถ,เชียงใหม่,0,2900.0,0.0,2900.0,Yes,4
ORD01405,2026-07-28,C0250,P001,1,Mobile App,PromptPay,Brake Pad,Brake,Toyota,850.0,อู่ซ่อมรถ,ภูเก็ต,10,850.0,85.0,765.0,Yes,4
ORD00950,2026-07-28,C0111,P016,4,Website,บัตรเครดิต,AC Filter,AC,Toyota,380.0,ร้านอะไหล่,ขอนแก่น,0,1520.0,0.0,1520.0,Yes,4
ORD00019,2026-07-28,C0160,P013,1,Website,โอนเงิน,Alternator,Electrical,Toyota,4800.0,อู่ซ่อมรถ,ชลบุรี,0,4800.0,0.0,4800.0,Yes,5
ORD01082,2026-07-28,C0175,P004,1,Mobile App,โอนเงิน,Air Filter,Engine,Toyota,450.0,อู่ซ่อมรถ,กรุงเทพมหานคร,5,450.0,22.5,427.5,Yes,5
ORD00104,2026-07-28,C0202,P018,2,Line OA,บัตรเครดิต,Fuel Pump,Engine,Toyota,2700.0,อู่ซ่อมรถ,ฉะเชิงเทรา,0,5400.0,0.0,5400.0,No,5
ORD01048,2026-07-28,C0223,P017,2,Mobile App,เก็บเงินปลายทาง,Wheel Bearing,Suspension,Honda,1450.0,เจ้าของรถ,เชียงใหม่,5,2900.0,145.0,2755.0,Yes,3
ORD00442,2026-07-28,C0019,P016,1,Website,บัตรเครดิต,AC Filter,AC,Toyota,380.0,ศูนย์บริการ,กรุงเทพมหานคร,10,380.0,38.0,342.0,Yes,5
ORD00036,2026-07-29,C0026,P007,1,Mobile App,โอนเงิน,Shock Absorber,Suspension,Toyota,2200.0,เจ้าของรถ,นครราชสีมา,0,2200.0,0.0,2200.0,No,5
ORD00325,2026-07-29,C0072,P018,2,Website,บัตรเครดิต,Fuel Pump,Engine,Toyota,2700.0,เจ้าของรถ,ภูเก็ต,10,5400.0,540.0,4860.0,Yes,5
ORD01135,2026-07-29,C0133,P016,3,Facebook,เก็บเงินปลายทาง,AC Filter,AC,Toyota,380.0,เจ้าของรถ,ขอนแก่น,10,1140.0,114.0,1026.0,Yes,3
ORD00058,2026-07-30,C0180,P019,4,Website,เก็บเงินปลายทาง,Headlight,Electrical,Isuzu,1800.0,อู่ซ่อมรถ,ภูเก็ต,0,7200.0,0.0,7200.0,No,4
ORD01660,2026-07-30,C0224,P018,1,Mobile App,โอนเงิน,Fuel Pump,Engine,Toyota,2700.0,เจ้าของรถ,ฉะเชิงเทรา,0,2700.0,0.0,2700.0,Yes,4
ORD00612,2026-07-30,C0023,P005,2,Website,เก็บเงินปลายทาง,Spark Plug,Engine,Honda,320.0,เจ้าของรถ,นครราชสีมา,0,640.0,0.0,640.0,Yes,4
ORD01478,2026-07-30,C0146,P001,4,Website,เก็บเงินปลายทาง,Brake Pad,Brake,Toyota,850.0,เจ้าของรถ,ฉะเชิงเทรา,15,3400.0,510.0,2890.0,Yes,3
ORD00867,2026-07-30,C0227,P003,1,Facebook,เก็บเงินปลายทาง,Car Battery,Electrical,Toyota,2800.0,เจ้าของรถ,เชียงใหม่,10,2800.0,280.0,2520.0,Yes,5
ORD01789,2026-07-30,C0152,P011,2,Mobile App,โอนเงิน,Brake Fluid,Brake,Nissan,280.0,เจ้าของรถ,นครราชสีมา,0,560.0,0.0,560.0,Yes,3
ORD01192,2026-07-30,C0218,P006,1,Facebook,โอนเงิน,Ball Joint,Suspension,Isuzu,1250.0,เจ้าของรถ,ฉะเชิงเทรา,10,1250.0,125.0,1125.0,No,4
ORD00501,2026-07-30,C0137,P004,4,Line OA,บัตรเครดิต,Air Filter,Engine,Toyota,450.0,ร้านอะไหล่,นครราชสีมา,5,1800.0,90.0,1710.0,No,4
ORD01224,2026-07-30,C0230,P018,1,Website,PromptPay,Fuel Pump,Engine,Toyota,2700.0,เจ้าของรถ,กรุงเทพมหานคร,10,2700.0,270.0,2430.0,Yes,5
ORD01528,2026-07-30,C0084,P001,2,Marketplace,PromptPay,Brake Pad,Brake,Toyota,850.0,เจ้าของรถ,นครราชสีมา,5,1700.0,85.0,1615.0,Yes,5
ORD00449,2026-07-31,C0045,P008,2,Line OA,เก็บเงินปลายทาง,Radiator,Cooling,Isuzu,3500.0,เจ้าของรถ,เชียงใหม่,0,7000.0,0.0,7000.0,No,5
ORD01774,2026-07-31,C0209,P003,2,Mobile App,เก็บเงินปลายทาง,Car Battery,Electrical,Toyota,2800.0,เจ้าของรถ,ฉะเชิงเทรา,0,5600.0,0.0,5600.0,No,4
ORD00963,2026-07-31,C0098,P008,1,Facebook,บัตรเครดิต,Radiator,Cooling,Isuzu,3500.0,เจ้าของรถ,ภูเก็ต,15,3500.0,525.0,2975.0,No,3
ORD00276,2026-07-31,C0233,P018,2,Facebook,เก็บเงินปลายทาง,Fuel Pump,Engine,Toyota,2700.0,เจ้าของรถ,กรุงเทพมหานคร,15,5400.0,810.0,4590.0,Yes,3
ORD01443,2026-07-31,C0030,P007,1,Website,เก็บเงินปลายทาง,Shock Absorber,Suspension,Toyota,2200.0,เจ้าของรถ,ภูเก็ต,0,2200.0,0.0,2200.0,Yes,5
ORD00196,2026-08-01,C0209,P012,2,Website,โอนเงิน,Oil Filter,Engine,Nissan,250.0,เจ้าของรถ,ฉะเชิงเทรา,0,500.0,0.0,500.0,No,4
ORD01206,2026-08-01,C0176,P008,1,Line OA,เก็บเงินปลายทาง,Radiator,Cooling,Isuzu,3500.0,ศูนย์บริการ,ขอนแก่น,5,3500.0,175.0,3325.0,Yes,5
ORD00246,2026-08-01,C0049,P020,4,Website,บัตรเครดิต,Wiper Blade,Exterior,Nissan,420.0,อู่ซ่อมรถ,ภูเก็ต,0,1680.0,0.0,1680.0,Yes,5
ORD01004,2026-08-01,C0059,P008,1,Mobile App,บัตรเครดิต,Radiator,Cooling,Isuzu,3500.0,เจ้าของรถ,นครราชสีมา,0,3500.0,0.0,3500.0,No,5
ORD00713,2026-08-01,C0126,P017,4,Facebook,บัตรเครดิต,Wheel Bearing,Suspension,Honda,1450.0,เจ้าของรถ,ระยอง,0,5800.0,0.0,5800.0,Yes,5
ORD00605,2026-08-01,C0215,P006,1,Marketplace,บัตรเครดิต,Ball Joint,Suspension,Isuzu,1250.0,เจ้าของรถ,เชียงใหม่,5,1250.0,62.5,1187.5,Yes,4
ORD00426,2026-08-02,C0035,P002,3,Line OA,เก็บเงินปลายทาง,Brake Disc,Brake,Honda,1650.0,เจ้าของรถ,ฉะเชิงเทรา,0,4950.0,0.0,4950.0,Yes,4
ORD01496,2026-08-02,C0063,P013,3,Line OA,PromptPay,Alternator,Electrical,Toyota,4800.0,อู่ซ่อมรถ,ชลบุรี,0,14400.0,0.0,14400.0,Yes,4
ORD01552,2026-08-02,C0183,P009,2,Facebook,เก็บเงินปลายทาง,Starter Motor,Electrical,Honda,4200.0,ร้านอะไหล่,กรุงเทพมหานคร,5,8400.0,420.0,7980.0,No,5
ORD01494,2026-08-02,C0087,P013,4,Website,โอนเงิน,Alternator,Electrical,Toyota,4800.0,ร้านอะไหล่,กรุงเทพมหานคร,10,19200.0,1920.0,17280.0,Yes,3
ORD01741,2026-08-02,C0112,P019,2,Website,PromptPay,Headlight,Electrical,Isuzu,1800.0,อู่ซ่อมรถ,กรุงเทพมหานคร,0,3600.0,0.0,3600.0,No,3
ORD00316,2026-08-02,C0165,P013,1,Mobile App,บัตรเครดิต,Alternator,Electrical,Toyota,4800.0,ศูนย์บริการ,ภูเก็ต,10,4800.0,480.0,4320.0,Yes,3
ORD00496,2026-08-02,C0230,P003,2,Website,บัตรเครดิต,Car Battery,Electrical,Toyota,2800.0,เจ้าของรถ,กรุงเทพมหานคร,10,5600.0,560.0,5040.0,No,3
ORD01604,2026-08-02,C0125,P008,4,Website,PromptPay,Radiator,Cooling,Isuzu,3500.0,เจ้าของรถ,ระยอง,10,14000.0,1400.0,12600.0,No,4
ORD00248,2026-08-02,C0068,P018,3,Facebook,บัตรเครดิต,Fuel Pump,Engine,Toyota,2700.0,อู่ซ่อมรถ,ขอนแก่น,0,8100.0,0.0,8100.0,Yes,3
ORD01349,2026-08-02,C0220,P019,1,Mobile App,PromptPay,Headlight,Electrical,Isuzu,1800.0,เจ้าของรถ,ชลบุรี,0,1800.0,0.0,1800.0,Yes,4
ORD01057,2026-08-02,C0049,P001,2,Website,PromptPay,Brake Pad,Brake,Toyota,850.0,อู่ซ่อมรถ,ภูเก็ต,10,1700.0,170.0,1530.0,No,3
ORD00758,2026-08-02,C0213,P018,2,Mobile App,โอนเงิน,Fuel Pump,Engine,Toyota,2700.0,เจ้าของรถ,ภูเก็ต,0,5400.0,0.0,5400.0,Yes,5
ORD01338,2026-08-03,C0167,P002,1,Marketplace,PromptPay,Brake Disc,Brake,Honda,1650.0,อู่ซ่อมรถ,กรุงเทพมหานคร,15,1650.0,247.5,1402.5,Yes,4
ORD00951,2026-08-03,C0148,P006,2,Website,เก็บเงินปลายทาง,Ball Joint,Suspension,Isuzu,1250.0,เจ้าของรถ,ฉะเชิงเทรา,5,2500.0,125.0,2375.0,Yes,4
ORD00662,2026-08-03,C0246,P014,1,Marketplace,โอนเงิน,Clutch Set,Engine,Isuzu,3900.0,เจ้าของรถ,กรุงเทพมหานคร,0,3900.0,0.0,3900.0,Yes,4
ORD00710,2026-08-03,C0223,P011,4,Line OA,PromptPay,Brake Fluid,Brake,Nissan,280.0,เจ้าของรถ,เชียงใหม่,5,1120.0,56.0,1064.0,Yes,3
ORD00836,2026-08-03,C0203,P002,1,Mobile App,บัตรเครดิต,Brake Disc,Brake,Honda,1650.0,เจ้าของรถ,ชลบุรี,0,1650.0,0.0,1650.0,No,4
ORD01427,2026-08-03,C0096,P015,3,Website,บัตรเครดิต,Radiator Hose,Cooling,Honda,650.0,เจ้าของรถ,กรุงเทพมหานคร,0,1950.0,0.0,1950.0,Yes,4
ORD01620,2026-08-03,C0056,P009,3,Marketplace,โอนเงิน,Starter Motor,Electrical,Honda,4200.0,อู่ซ่อมรถ,ระยอง,0,12600.0,0.0,12600.0,Yes,4
ORD01186,2026-08-03,C0052,P009,1,Mobile App,บัตรเครดิต,Starter Motor,Electrical,Honda,4200.0,เจ้าของรถ,ภูเก็ต,10,4200.0,420.0,3780.0,Yes,4
ORD01712,2026-08-03,C0100,P010,4,Marketplace,PromptPay,AC Compressor,AC,Toyota,5800.0,ร้านอะไหล่,กรุงเทพมหานคร,0,23200.0,0.0,23200.0,Yes,4
ORD00251,2026-08-04,C0075,P011,1,Marketplace,โอนเงิน,Brake Fluid,Brake,Nissan,280.0,เจ้าของรถ,ระยอง,0,280.0,0.0,280.0,No,5
ORD01792,2026-08-04,C0216,P006,1,Website,โอนเงิน,Ball Joint,Suspension,Isuzu,1250.0,ร้านอะไหล่,เชียงใหม่,0,1250.0,0.0,1250.0,Yes,3
ORD01390,2026-08-04,C0181,P020,1,Marketplace,เก็บเงินปลายทาง,Wiper Blade,Exterior,Nissan,420.0,เจ้าของรถ,ฉะเชิงเทรา,10,420.0,42.0,378.0,Yes,3
ORD00799,2026-08-04,C0109,P005,2,Mobile App,เก็บเงินปลายทาง,Spark Plug,Engine,Honda,320.0,เจ้าของรถ,ฉะเชิงเทรา,0,640.0,0.0,640.0,Yes,3
ORD00446,2026-08-04,C0242,P004,1,Mobile App,บัตรเครดิต,Air Filter,Engine,Toyota,450.0,เจ้าของรถ,นครราชสีมา,0,450.0,0.0,450.0,No,4
ORD01035,2026-08-04,C0073,P014,1,Website,โอนเงิน,Clutch Set,Engine,Isuzu,3900.0,ศูนย์บริการ,ชลบุรี,0,3900.0,0.0,3900.0,Yes,4
ORD01185,2026-08-04,C0184,P016,2,Website,โอนเงิน,AC Filter,AC,Toyota,380.0,อู่ซ่อมรถ,ขอนแก่น,5,760.0,38.0,722.0,No,4
ORD01028,2026-08-04,C0196,P011,1,Facebook,โอนเงิน,Brake Fluid,Brake,Nissan,280.0,เจ้าของรถ,ขอนแก่น,5,280.0,14.0,266.0,Yes,5
ORD00661,2026-08-05,C0028,P009,3,Line OA,PromptPay,Starter Motor,Electrical,Honda,4200.0,เจ้าของรถ,ขอนแก่น,15,12600.0,1890.0,10710.0,Yes,5
ORD00328,2026-08-05,C0089,P016,1,Line OA,PromptPay,AC Filter,AC,Toyota,380.0,อู่ซ่อมรถ,ขอนแก่น,5,380.0,19.0,361.0,Yes,4
ORD01613,2026-08-05,C0218,P006,1,Mobile App,โอนเงิน,Ball Joint,Suspension,Isuzu,1250.0,เจ้าของรถ,ฉะเชิงเทรา,5,1250.0,62.5,1187.5,No,5
ORD00550,2026-08-05,C0175,P020,2,Line OA,เก็บเงินปลายทาง,Wiper Blade,Exterior,Nissan,420.0,อู่ซ่อมรถ,กรุงเทพมหานคร,0,840.0,0.0,840.0,Yes,4
ORD01288,2026-08-05,C0096,P005,2,Mobile App,PromptPay,Spark Plug,Engine,Honda,320.0,เจ้าของรถ,กรุงเทพมหานคร,0,640.0,0.0,640.0,Yes,4
ORD00483,2026-08-05,C0160,P013,1,Facebook,PromptPay,Alternator,Electrical,Toyota,4800.0,อู่ซ่อมรถ,ชลบุรี,0,4800.0,0.0,4800.0,No,4
ORD01360,2026-08-06,C0130,P007,1,Website,โอนเงิน,Shock Absorber,Suspension,Toyota,2200.0,อู่ซ่อมรถ,นครราชสีมา,0,2200.0,0.0,2200.0,Yes,4
ORD00546,2026-08-06,C0045,P015,4,Website,บัตรเครดิต,Radiator Hose,Cooling,Honda,650.0,เจ้าของรถ,เชียงใหม่,5,2600.0,130.0,2470.0,Yes,4
ORD01225,2026-08-06,C0249,P010,1,Facebook,โอนเงิน,AC Compressor,AC,Toyota,5800.0,ร้านอะไหล่,ภูเก็ต,10,5800.0,580.0,5220.0,No,5
ORD01362,2026-08-06,C0006,P009,2,Line OA,บัตรเครดิต,Starter Motor,Electrical,Honda,4200.0,เจ้าของรถ,กรุงเทพมหานคร,0,8400.0,0.0,8400.0,No,4
ORD00851,2026-08-06,C0034,P006,1,Website,โอนเงิน,Ball Joint,Suspension,Isuzu,1250.0,อู่ซ่อมรถ,นครราชสีมา,0,1250.0,0.0,1250.0,Yes,3
ORD00817,2026-08-07,C0063,P012,3,Mobile App,บัตรเครดิต,Oil Filter,Engine,Nissan,250.0,อู่ซ่อมรถ,ชลบุรี,0,750.0,0.0,750.0,No,4
ORD01161,2026-08-07,C0200,P011,4,Line OA,PromptPay,Brake Fluid,Brake,Nissan,280.0,อู่ซ่อมรถ,ภูเก็ต,0,1120.0,0.0,1120.0,No,4
ORD00679,2026-08-07,C0068,P001,4,Facebook,บัตรเครดิต,Brake Pad,Brake,Toyota,850.0,อู่ซ่อมรถ,ขอนแก่น,15,3400.0,510.0,2890.0,Yes,4
ORD00859,2026-08-07,C0094,P007,2,Line OA,PromptPay,Shock Absorber,Suspension,Toyota,2200.0,เจ้าของรถ,ภูเก็ต,0,4400.0,0.0,4400.0,Yes,4
ORD00103,2026-08-08,C0068,P013,1,Marketplace,เก็บเงินปลายทาง,Alternator,Electrical,Toyota,4800.0,อู่ซ่อมรถ,ขอนแก่น,0,4800.0,0.0,4800.0,No,4
ORD00107,2026-08-08,C0228,P018,1,Mobile App,โอนเงิน,Fuel Pump,Engine,Toyota,2700.0,ร้านอะไหล่,ภูเก็ต,0,2700.0,0.0,2700.0,Yes,5
ORD01579,2026-08-08,C0099,P012,1,Website,PromptPay,Oil Filter,Engine,Nissan,250.0,ร้านอะไหล่,ชลบุรี,15,250.0,37.5,212.5,Yes,5
ORD00281,2026-08-08,C0215,P012,1,Mobile App,โอนเงิน,Oil Filter,Engine,Nissan,250.0,เจ้าของรถ,เชียงใหม่,0,250.0,0.0,250.0,No,3
ORD01163,2026-08-08,C0247,P010,1,Website,เก็บเงินปลายทาง,AC Compressor,AC,Toyota,5800.0,อู่ซ่อมรถ,ขอนแก่น,5,5800.0,290.0,5510.0,No,5
ORD01059,2026-08-08,C0047,P008,1,Mobile App,เก็บเงินปลายทาง,Radiator,Cooling,Isuzu,3500.0,อู่ซ่อมรถ,ระยอง,5,3500.0,175.0,3325.0,Yes,5
ORD00796,2026-08-09,C0172,P012,2,Line OA,เก็บเงินปลายทาง,Oil Filter,Engine,Nissan,250.0,เจ้าของรถ,ระยอง,10,500.0,50.0,450.0,Yes,3
ORD01751,2026-08-09,C0063,P007,2,Mobile App,บัตรเครดิต,Shock Absorber,Suspension,Toyota,2200.0,อู่ซ่อมรถ,ชลบุรี,0,4400.0,0.0,4400.0,Yes,4
ORD00932,2026-08-09,C0228,P011,2,Website,PromptPay,Brake Fluid,Brake,Nissan,280.0,ร้านอะไหล่,ภูเก็ต,5,560.0,28.0,532.0,Yes,3
ORD00540,2026-08-09,C0064,P018,2,Mobile App,เก็บเงินปลายทาง,Fuel Pump,Engine,Toyota,2700.0,อู่ซ่อมรถ,เชียงใหม่,0,5400.0,0.0,5400.0,Yes,3
ORD00452,2026-08-09,C0050,P011,2,Website,บัตรเครดิต,Brake Fluid,Brake,Nissan,280.0,เจ้าของรถ,เชียงใหม่,0,560.0,0.0,560.0,No,3
ORD01509,2026-08-10,C0111,P015,3,Marketplace,เก็บเงินปลายทาง,Radiator Hose,Cooling,Honda,650.0,ร้านอะไหล่,ขอนแก่น,0,1950.0,0.0,1950.0,Yes,5
ORD01159,2026-08-10,C0071,P004,2,Facebook,โอนเงิน,Air Filter,Engine,Toyota,450.0,ศูนย์บริการ,กรุงเทพมหานคร,15,900.0,135.0,765.0,Yes,5
ORD00241,2026-08-10,C0172,P006,4,Line OA,โอนเงิน,Ball Joint,Suspension,Isuzu,1250.0,เจ้าของรถ,ระยอง,0,5000.0,0.0,5000.0,No,4
ORD01666,2026-08-10,C0041,P012,1,Website,PromptPay,Oil Filter,Engine,Nissan,250.0,ร้านอะไหล่,ฉะเชิงเทรา,0,250.0,0.0,250.0,Yes,5
ORD00523,2026-08-10,C0032,P017,1,Marketplace,PromptPay,Wheel Bearing,Suspension,Honda,1450.0,เจ้าของรถ,กรุงเทพมหานคร,0,1450.0,0.0,1450.0,Yes,4
ORD00525,2026-08-10,C0236,P007,2,Website,โอนเงิน,Shock Absorber,Suspension,Toyota,2200.0,เจ้าของรถ,เชียงใหม่,0,4400.0,0.0,4400.0,Yes,4
ORD00090,2026-08-10,C0212,P008,1,Mobile App,PromptPay,Radiator,Cooling,Isuzu,3500.0,เจ้าของรถ,ระยอง,5,3500.0,175.0,3325.0,No,4
ORD00794,2026-08-10,C0188,P003,2,Mobile App,PromptPay,Car Battery,Electrical,Toyota,2800.0,เจ้าของรถ,ชลบุรี,0,5600.0,0.0,5600.0,Yes,4
ORD00159,2026-08-11,C0183,P016,2,Marketplace,เก็บเงินปลายทาง,AC Filter,AC,Toyota,380.0,ร้านอะไหล่,กรุงเทพมหานคร,0,760.0,0.0,760.0,No,4
ORD01046,2026-08-11,C0071,P010,1,Facebook,เก็บเงินปลายทาง,AC Compressor,AC,Toyota,5800.0,ศูนย์บริการ,กรุงเทพมหานคร,0,5800.0,0.0,5800.0,Yes,4
ORD00693,2026-08-11,C0067,P006,1,Mobile App,เก็บเงินปลายทาง,Ball Joint,Suspension,Isuzu,1250.0,เจ้าของรถ,ฉะเชิงเทรา,5,1250.0,62.5,1187.5,Yes,5
ORD01634,2026-08-12,C0098,P010,2,Mobile App,PromptPay,AC Compressor,AC,Toyota,5800.0,เจ้าของรถ,ภูเก็ต,0,11600.0,0.0,11600.0,Yes,4
ORD00130,2026-08-12,C0222,P003,1,Website,บัตรเครดิต,Car Battery,Electrical,Toyota,2800.0,อู่ซ่อมรถ,กรุงเทพมหานคร,0,2800.0,0.0,2800.0,Yes,5
ORD00140,2026-08-12,C0012,P013,2,Line OA,PromptPay,Alternator,Electrical,Toyota,4800.0,เจ้าของรถ,กรุงเทพมหานคร,0,9600.0,0.0,9600.0,Yes,5
ORD00871,2026-08-12,C0145,P018,1,Facebook,โอนเงิน,Fuel Pump,Engine,Toyota,2700.0,เจ้าของรถ,ภูเก็ต,0,2700.0,0.0,2700.0,Yes,5
ORD01554,2026-08-12,C0171,P020,1,Marketplace,บัตรเครดิต,Wiper Blade,Exterior,Nissan,420.0,ร้านอะไหล่,ภูเก็ต,0,420.0,0.0,420.0,Yes,4
ORD01573,2026-08-12,C0245,P017,3,Mobile App,โอนเงิน,Wheel Bearing,Suspension,Honda,1450.0,เจ้าของรถ,เชียงใหม่,0,4350.0,0.0,4350.0,Yes,4
ORD01018,2026-08-12,C0075,P001,2,Website,PromptPay,Brake Pad,Brake,Toyota,850.0,เจ้าของรถ,ระยอง,10,1700.0,170.0,1530.0,No,4
ORD01484,2026-08-13,C0073,P006,1,Line OA,เก็บเงินปลายทาง,Ball Joint,Suspension,Isuzu,1250.0,ศูนย์บริการ,ชลบุรี,0,1250.0,0.0,1250.0,Yes,4
ORD00548,2026-08-13,C0016,P004,1,Marketplace,บัตรเครดิต,Air Filter,Engine,Toyota,450.0,เจ้าของรถ,ฉะเชิงเทรา,0,450.0,0.0,450.0,No,5
ORD00439,2026-08-13,C0235,P016,2,Mobile App,โอนเงิน,AC Filter,AC,Toyota,380.0,เจ้าของรถ,เชียงใหม่,10,760.0,76.0,684.0,Yes,4
ORD01545,2026-08-13,C0148,P019,2,Website,PromptPay,Headlight,Electrical,Isuzu,1800.0,เจ้าของรถ,ฉะเชิงเทรา,15,3600.0,540.0,3060.0,Yes,3
ORD00807,2026-08-13,C0226,P015,1,Website,เก็บเงินปลายทาง,Radiator Hose,Cooling,Honda,650.0,เจ้าของรถ,ระยอง,0,650.0,0.0,650.0,Yes,3
ORD00113,2026-08-13,C0086,P009,1,Website,โอนเงิน,Starter Motor,Electrical,Honda,4200.0,ร้านอะไหล่,นครราชสีมา,5,4200.0,210.0,3990.0,No,5
ORD01446,2026-08-14,C0081,P009,3,Mobile App,บัตรเครดิต,Starter Motor,Electrical,Honda,4200.0,ร้านอะไหล่,ขอนแก่น,0,12600.0,0.0,12600.0,Yes,5
ORD01300,2026-08-14,C0226,P006,2,Website,PromptPay,Ball Joint,Suspension,Isuzu,1250.0,เจ้าของรถ,ระยอง,0,2500.0,0.0,2500.0,Yes,5
ORD01385,2026-08-14,C0216,P013,2,Line OA,PromptPay,Alternator,Electrical,Toyota,4800.0,ร้านอะไหล่,เชียงใหม่,0,9600.0,0.0,9600.0,No,4
ORD00192,2026-08-14,C0093,P011,3,Mobile App,โอนเงิน,Brake Fluid,Brake,Nissan,280.0,อู่ซ่อมรถ,กรุงเทพมหานคร,0,840.0,0.0,840.0,No,5
ORD00460,2026-08-14,C0224,P012,3,Marketplace,โอนเงิน,Oil Filter,Engine,Nissan,250.0,เจ้าของรถ,ฉะเชิงเทรา,10,750.0,75.0,675.0,Yes,5
ORD00262,2026-08-14,C0122,P004,1,Website,บัตรเครดิต,Air Filter,Engine,Toyota,450.0,เจ้าของรถ,ภูเก็ต,0,450.0,0.0,450.0,No,4
ORD01351,2026-08-14,C0144,P016,1,Website,บัตรเครดิต,AC Filter,AC,Toyota,380.0,ร้านอะไหล่,ขอนแก่น,0,380.0,0.0,380.0,Yes,5
ORD01776,2026-08-14,C0052,P007,1,Website,โอนเงิน,Shock Absorber,Suspension,Toyota,2200.0,เจ้าของรถ,ภูเก็ต,0,2200.0,0.0,2200.0,No,5
ORD01710,2026-08-15,C0100,P016,2,Facebook,โอนเงิน,AC Filter,AC,Toyota,380.0,ร้านอะไหล่,กรุงเทพมหานคร,0,760.0,0.0,760.0,No,4
ORD00063,2026-08-15,C0074,P001,2,Website,เก็บเงินปลายทาง,Brake Pad,Brake,Toyota,850.0,อู่ซ่อมรถ,กรุงเทพมหานคร,15,1700.0,255.0,1445.0,Yes,5
ORD00279,2026-08-15,C0247,P018,3,Website,PromptPay,Fuel Pump,Engine,Toyota,2700.0,อู่ซ่อมรถ,ขอนแก่น,0,8100.0,0.0,8100.0,Yes,5
ORD01624,2026-08-15,C0115,P010,1,Website,บัตรเครดิต,AC Compressor,AC,Toyota,5800.0,ร้านอะไหล่,ขอนแก่น,10,5800.0,580.0,5220.0,Yes,4
ORD01714,2026-08-15,C0110,P011,2,Line OA,PromptPay,Brake Fluid,Brake,Nissan,280.0,เจ้าของรถ,กรุงเทพมหานคร,10,560.0,56.0,504.0,No,4
ORD00741,2026-08-15,C0103,P005,2,Website,เก็บเงินปลายทาง,Spark Plug,Engine,Honda,320.0,เจ้าของรถ,ขอนแก่น,0,640.0,0.0,640.0,No,4
ORD01313,2026-08-15,C0121,P010,1,Website,เก็บเงินปลายทาง,AC Compressor,AC,Toyota,5800.0,เจ้าของรถ,กรุงเทพมหานคร,0,5800.0,0.0,5800.0,Yes,4
ORD00975,2026-08-15,C0086,P007,1,Mobile App,PromptPay,Shock Absorber,Suspension,Toyota,2200.0,ร้านอะไหล่,นครราชสีมา,0,2200.0,0.0,2200.0,Yes,5
ORD00456,2026-08-15,C0145,P014,2,Mobile App,บัตรเครดิต,Clutch Set,Engine,Isuzu,3900.0,เจ้าของรถ,ภูเก็ต,10,7800.0,780.0,7020.0,Yes,4
ORD01311,2026-08-15,C0036,P007,4,Website,PromptPay,Shock Absorber,Suspension,Toyota,2200.0,เจ้าของรถ,ฉะเชิงเทรา,5,8800.0,440.0,8360.0,Yes,4
ORD01376,2026-08-15,C0156,P005,4,Website,PromptPay,Spark Plug,Engine,Honda,320.0,เจ้าของรถ,ระยอง,0,1280.0,0.0,1280.0,Yes,3
ORD01247,2026-08-15,C0074,P003,3,Marketplace,เก็บเงินปลายทาง,Car Battery,Electrical,Toyota,2800.0,อู่ซ่อมรถ,กรุงเทพมหานคร,15,8400.0,1260.0,7140.0,Yes,5
ORD00643,2026-08-16,C0054,P015,3,Facebook,โอนเงิน,Radiator Hose,Cooling,Honda,650.0,เจ้าของรถ,ฉะเชิงเทรา,0,1950.0,0.0,1950.0,Yes,4
ORD00876,2026-08-16,C0157,P004,4,Facebook,เก็บเงินปลายทาง,Air Filter,Engine,Toyota,450.0,เจ้าของรถ,ภูเก็ต,0,1800.0,0.0,1800.0,No,4
ORD01019,2026-08-16,C0115,P019,1,Website,PromptPay,Headlight,Electrical,Isuzu,1800.0,ร้านอะไหล่,ขอนแก่น,0,1800.0,0.0,1800.0,Yes,5
ORD00844,2026-08-16,C0040,P016,1,Marketplace,PromptPay,AC Filter,AC,Toyota,380.0,ร้านอะไหล่,ภูเก็ต,5,380.0,19.0,361.0,Yes,5
ORD00284,2026-08-17,C0171,P020,1,Website,เก็บเงินปลายทาง,Wiper Blade,Exterior,Nissan,420.0,ร้านอะไหล่,ภูเก็ต,15,420.0,63.0,357.0,Yes,4
ORD00720,2026-08-17,C0171,P005,1,Line OA,เก็บเงินปลายทาง,Spark Plug,Engine,Honda,320.0,ร้านอะไหล่,ภูเก็ต,0,320.0,0.0,320.0,No,4
ORD00467,2026-08-17,C0216,P007,2,Mobile App,เก็บเงินปลายทาง,Shock Absorber,Suspension,Toyota,2200.0,ร้านอะไหล่,เชียงใหม่,0,4400.0,0.0,4400.0,Yes,3
ORD01522,2026-08-17,C0041,P004,1,Mobile App,โอนเงิน,Air Filter,Engine,Toyota,450.0,ร้านอะไหล่,ฉะเชิงเทรา,5,450.0,22.5,427.5,Yes,4
ORD00400,2026-08-17,C0236,P017,1,Website,PromptPay,Wheel Bearing,Suspension,Honda,1450.0,เจ้าของรถ,เชียงใหม่,15,1450.0,217.5,1232.5,No,5
ORD01633,2026-08-17,C0026,P005,1,Marketplace,โอนเงิน,Spark Plug,Engine,Honda,320.0,เจ้าของรถ,นครราชสีมา,0,320.0,0.0,320.0,No,5
ORD00563,2026-08-18,C0040,P009,1,Facebook,PromptPay,Starter Motor,Electrical,Honda,4200.0,ร้านอะไหล่,ภูเก็ต,15,4200.0,630.0,3570.0,Yes,3
ORD00903,2026-08-18,C0240,P020,1,Mobile App,เก็บเงินปลายทาง,Wiper Blade,Exterior,Nissan,420.0,เจ้าของรถ,กรุงเทพมหานคร,10,420.0,42.0,378.0,No,4
ORD00066,2026-08-18,C0092,P018,2,Line OA,บัตรเครดิต,Fuel Pump,Engine,Toyota,2700.0,เจ้าของรถ,ฉะเชิงเทรา,0,5400.0,0.0,5400.0,No,3
ORD01047,2026-08-18,C0011,P017,2,Line OA,PromptPay,Wheel Bearing,Suspension,Honda,1450.0,เจ้าของรถ,นครราชสีมา,0,2900.0,0.0,2900.0,Yes,4
ORD01038,2026-08-18,C0021,P012,4,Website,โอนเงิน,Oil Filter,Engine,Nissan,250.0,เจ้าของรถ,ระยอง,15,1000.0,150.0,850.0,Yes,4
ORD00750,2026-08-19,C0124,P010,2,Website,เก็บเงินปลายทาง,AC Compressor,AC,Toyota,5800.0,ร้านอะไหล่,ฉะเชิงเทรา,5,11600.0,580.0,11020.0,Yes,3
ORD00747,2026-08-19,C0167,P008,1,Website,โอนเงิน,Radiator,Cooling,Isuzu,3500.0,อู่ซ่อมรถ,กรุงเทพมหานคร,0,3500.0,0.0,3500.0,Yes,4
ORD00753,2026-08-19,C0047,P020,1,Website,บัตรเครดิต,Wiper Blade,Exterior,Nissan,420.0,อู่ซ่อมรถ,ระยอง,0,420.0,0.0,420.0,Yes,3
ORD00319,2026-08-19,C0229,P005,1,Mobile App,PromptPay,Spark Plug,Engine,Honda,320.0,เจ้าของรถ,กรุงเทพมหานคร,0,320.0,0.0,320.0,No,5
ORD00312,2026-08-19,C0078,P014,1,Marketplace,เก็บเงินปลายทาง,Clutch Set,Engine,Isuzu,3900.0,เจ้าของรถ,ฉะเชิงเทรา,0,3900.0,0.0,3900.0,No,5
ORD01258,2026-08-20,C0230,P008,1,Website,PromptPay,Radiator,Cooling,Isuzu,3500.0,เจ้าของรถ,กรุงเทพมหานคร,5,3500.0,175.0,3325.0,Yes,4
ORD01622,2026-08-20,C0109,P002,1,Website,PromptPay,Brake Disc,Brake,Honda,1650.0,เจ้าของรถ,ฉะเชิงเทรา,0,1650.0,0.0,1650.0,Yes,5
ORD00936,2026-08-20,C0007,P003,1,Website,PromptPay,Car Battery,Electrical,Toyota,2800.0,เจ้าของรถ,นครราชสีมา,10,2800.0,280.0,2520.0,No,4
ORD00743,2026-08-20,C0117,P018,1,Facebook,เก็บเงินปลายทาง,Fuel Pump,Engine,Toyota,2700.0,เจ้าของรถ,ชลบุรี,0,2700.0,0.0,2700.0,Yes,4
ORD00616,2026-08-20,C0225,P020,1,Marketplace,โอนเงิน,Wiper Blade,Exterior,Nissan,420.0,เจ้าของรถ,นครราชสีมา,5,420.0,21.0,399.0,Yes,4
ORD00362,2026-08-20,C0022,P020,3,Line OA,โอนเงิน,Wiper Blade,Exterior,Nissan,420.0,เจ้าของรถ,กรุงเทพมหานคร,5,1260.0,63.0,1197.0,No,4
ORD00223,2026-08-20,C0243,P007,1,Website,บัตรเครดิต,Shock Absorber,Suspension,Toyota,2200.0,อู่ซ่อมรถ,ระยอง,5,2200.0,110.0,2090.0,Yes,4
ORD00219,2026-08-20,C0055,P001,4,Facebook,บัตรเครดิต,Brake Pad,Brake,Toyota,850.0,อู่ซ่อมรถ,เชียงใหม่,0,3400.0,0.0,3400.0,Yes,4
ORD01133,2026-08-20,C0037,P009,1,Mobile App,โอนเงิน,Starter Motor,Electrical,Honda,4200.0,เจ้าของรถ,ระยอง,5,4200.0,210.0,3990.0,Yes,3
ORD00990,2026-08-21,C0148,P015,4,Website,เก็บเงินปลายทาง,Radiator Hose,Cooling,Honda,650.0,เจ้าของรถ,ฉะเชิงเทรา,0,2600.0,0.0,2600.0,Yes,4
ORD00031,2026-08-21,C0099,P007,2,Mobile App,บัตรเครดิต,Shock Absorber,Suspension,Toyota,2200.0,ร้านอะไหล่,ชลบุรี,15,4400.0,660.0,3740.0,Yes,4
ORD01577,2026-08-21,C0113,P017,3,Mobile App,PromptPay,Wheel Bearing,Suspension,Honda,1450.0,เจ้าของรถ,กรุงเทพมหานคร,0,4350.0,0.0,4350.0,Yes,4
ORD00234,2026-08-21,C0070,P001,3,Marketplace,บัตรเครดิต,Brake Pad,Brake,Toyota,850.0,อู่ซ่อมรถ,ภูเก็ต,10,2550.0,255.0,2295.0,Yes,3
ORD00293,2026-08-21,C0192,P012,4,Facebook,เก็บเงินปลายทาง,Oil Filter,Engine,Nissan,250.0,อู่ซ่อมรถ,ภูเก็ต,0,1000.0,0.0,1000.0,No,4
ORD00250,2026-08-21,C0097,P018,4,Website,บัตรเครดิต,Fuel Pump,Engine,Toyota,2700.0,เจ้าของรถ,ขอนแก่น,0,10800.0,0.0,10800.0,Yes,4
ORD00881,2026-08-21,C0035,P001,2,Website,เก็บเงินปลายทาง,Brake Pad,Brake,Toyota,850.0,เจ้าของรถ,ฉะเชิงเทรา,0,1700.0,0.0,1700.0,No,5
ORD01433,2026-08-21,C0015,P005,3,Website,โอนเงิน,Spark Plug,Engine,Honda,320.0,เจ้าของรถ,ภูเก็ต,5,960.0,48.0,912.0,No,3
ORD00320,2026-08-22,C0112,P007,3,Website,บัตรเครดิต,Shock Absorber,Suspension,Toyota,2200.0,อู่ซ่อมรถ,กรุงเทพมหานคร,0,6600.0,0.0,6600.0,Yes,5
ORD00153,2026-08-22,C0127,P012,2,Website,เก็บเงินปลายทาง,Oil Filter,Engine,Nissan,250.0,เจ้าของรถ,ภูเก็ต,0,500.0,0.0,500.0,No,4
ORD00348,2026-08-22,C0188,P007,1,Mobile App,PromptPay,Shock Absorber,Suspension,Toyota,2200.0,เจ้าของรถ,ชลบุรี,15,2200.0,330.0,1870.0,No,4
ORD00676,2026-08-22,C0238,P012,1,Marketplace,บัตรเครดิต,Oil Filter,Engine,Nissan,250.0,ร้านอะไหล่,นครราชสีมา,0,250.0,0.0,250.0,Yes,3
ORD01072,2026-08-22,C0150,P019,1,Website,PromptPay,Headlight,Electrical,Isuzu,1800.0,เจ้าของรถ,ฉะเชิงเทรา,15,1800.0,270.0,1530.0,Yes,4
ORD01266,2026-08-22,C0180,P009,1,Mobile App,เก็บเงินปลายทาง,Starter Motor,Electrical,Honda,4200.0,อู่ซ่อมรถ,ภูเก็ต,0,4200.0,0.0,4200.0,No,3
ORD00999,2026-08-22,C0045,P007,1,Website,โอนเงิน,Shock Absorber,Suspension,Toyota,2200.0,เจ้าของรถ,เชียงใหม่,0,2200.0,0.0,2200.0,Yes,5
ORD00173,2026-08-23,C0003,P009,2,Marketplace,PromptPay,Starter Motor,Electrical,Honda,4200.0,เจ้าของรถ,ระยอง,0,8400.0,0.0,8400.0,No,5
ORD00413,2026-08-23,C0017,P005,1,Facebook,โอนเงิน,Spark Plug,Engine,Honda,320.0,เจ้าของรถ,เชียงใหม่,5,320.0,16.0,304.0,No,4
ORD01195,2026-08-23,C0108,P009,1,Mobile App,เก็บเงินปลายทาง,Starter Motor,Electrical,Honda,4200.0,เจ้าของรถ,กรุงเทพมหานคร,15,4200.0,630.0,3570.0,Yes,4
ORD00404,2026-08-23,C0124,P017,1,Website,เก็บเงินปลายทาง,Wheel Bearing,Suspension,Honda,1450.0,ร้านอะไหล่,ฉะเชิงเทรา,0,1450.0,0.0,1450.0,Yes,3
ORD00150,2026-08-23,C0003,P012,1,Website,PromptPay,Oil Filter,Engine,Nissan,250.0,เจ้าของรถ,ระยอง,10,250.0,25.0,225.0,No,4
ORD01386,2026-08-23,C0046,P018,2,Facebook,PromptPay,Fuel Pump,Engine,Toyota,2700.0,ศูนย์บริการ,เชียงใหม่,5,5400.0,270.0,5130.0,Yes,4
ORD01611,2026-08-24,C0189,P002,1,Marketplace,เก็บเงินปลายทาง,Brake Disc,Brake,Honda,1650.0,เจ้าของรถ,ชลบุรี,10,1650.0,165.0,1485.0,Yes,3
ORD01642,2026-08-24,C0080,P001,1,Website,บัตรเครดิต,Brake Pad,Brake,Toyota,850.0,เจ้าของรถ,ขอนแก่น,0,850.0,0.0,850.0,Yes,4
ORD01378,2026-08-24,C0184,P018,2,Line OA,บัตรเครดิต,Fuel Pump,Engine,Toyota,2700.0,อู่ซ่อมรถ,ขอนแก่น,10,5400.0,540.0,4860.0,No,4
ORD01375,2026-08-24,C0085,P012,2,Mobile App,บัตรเครดิต,Oil Filter,Engine,Nissan,250.0,เจ้าของรถ,ฉะเชิงเทรา,0,500.0,0.0,500.0,Yes,4
ORD01280,2026-08-24,C0035,P014,2,Website,โอนเงิน,Clutch Set,Engine,Isuzu,3900.0,เจ้าของรถ,ฉะเชิงเทรา,0,7800.0,0.0,7800.0,Yes,5
ORD01287,2026-08-24,C0029,P015,1,Facebook,PromptPay,Radiator Hose,Cooling,Honda,650.0,ร้านอะไหล่,กรุงเทพมหานคร,0,650.0,0.0,650.0,Yes,4
ORD00145,2026-08-24,C0044,P012,1,Line OA,เก็บเงินปลายทาง,Oil Filter,Engine,Nissan,250.0,เจ้าของรถ,กรุงเทพมหานคร,10,250.0,25.0,225.0,No,4
ORD00945,2026-08-24,C0183,P017,2,Website,โอนเงิน,Wheel Bearing,Suspension,Honda,1450.0,ร้านอะไหล่,กรุงเทพมหานคร,0,2900.0,0.0,2900.0,No,5
ORD01448,2026-08-24,C0050,P005,3,Line OA,PromptPay,Spark Plug,Engine,Honda,320.0,เจ้าของรถ,เชียงใหม่,15,960.0,144.0,816.0,Yes,5
ORD00884,2026-08-24,C0028,P014,4,Marketplace,PromptPay,Clutch Set,Engine,Isuzu,3900.0,เจ้าของรถ,ขอนแก่น,0,15600.0,0.0,15600.0,Yes,3
ORD00151,2026-08-24,C0078,P011,2,Mobile App,โอนเงิน,Brake Fluid,Brake,Nissan,280.0,เจ้าของรถ,ฉะเชิงเทรา,15,560.0,84.0,476.0,Yes,5
ORD01302,2026-08-25,C0219,P003,4,Marketplace,PromptPay,Car Battery,Electrical,Toyota,2800.0,เจ้าของรถ,ขอนแก่น,5,11200.0,560.0,10640.0,Yes,5
ORD00792,2026-08-25,C0206,P001,2,Marketplace,บัตรเครดิต,Brake Pad,Brake,Toyota,850.0,อู่ซ่อมรถ,นครราชสีมา,0,1700.0,0.0,1700.0,Yes,5
ORD00632,2026-08-25,C0195,P019,3,Line OA,PromptPay,Headlight,Electrical,Isuzu,1800.0,อู่ซ่อมรถ,ฉะเชิงเทรา,15,5400.0,810.0,4590.0,Yes,5
ORD00004,2026-08-25,C0106,P009,1,Marketplace,เก็บเงินปลายทาง,Starter Motor,Electrical,Honda,4200.0,อู่ซ่อมรถ,ชลบุรี,0,4200.0,0.0,4200.0,No,4
ORD01105,2026-08-25,C0033,P001,3,Mobile App,บัตรเครดิต,Brake Pad,Brake,Toyota,850.0,อู่ซ่อมรถ,นครราชสีมา,0,2550.0,0.0,2550.0,Yes,4
ORD01533,2026-08-25,C0243,P010,1,Website,เก็บเงินปลายทาง,AC Compressor,AC,Toyota,5800.0,อู่ซ่อมรถ,ระยอง,15,5800.0,870.0,4930.0,No,5
ORD01566,2026-08-25,C0004,P002,1,Marketplace,โอนเงิน,Brake Disc,Brake,Honda,1650.0,อู่ซ่อมรถ,ขอนแก่น,0,1650.0,0.0,1650.0,No,4
ORD00603,2026-08-25,C0012,P010,4,Mobile App,บัตรเครดิต,AC Compressor,AC,Toyota,5800.0,เจ้าของรถ,กรุงเทพมหานคร,0,23200.0,0.0,23200.0,Yes,3
ORD00457,2026-08-26,C0238,P013,3,Mobile App,บัตรเครดิต,Alternator,Electrical,Toyota,4800.0,ร้านอะไหล่,นครราชสีมา,15,14400.0,2160.0,12240.0,No,4
ORD00121,2026-08-26,C0137,P015,1,Line OA,PromptPay,Radiator Hose,Cooling,Honda,650.0,ร้านอะไหล่,นครราชสีมา,0,650.0,0.0,650.0,No,4
ORD01535,2026-08-26,C0171,P014,1,Line OA,บัตรเครดิต,Clutch Set,Engine,Isuzu,3900.0,ร้านอะไหล่,ภูเก็ต,0,3900.0,0.0,3900.0,Yes,3
ORD00057,2026-08-26,C0243,P011,2,Website,เก็บเงินปลายทาง,Brake Fluid,Brake,Nissan,280.0,อู่ซ่อมรถ,ระยอง,0,560.0,0.0,560.0,No,3
ORD01538,2026-08-26,C0003,P004,3,Marketplace,บัตรเครดิต,Air Filter,Engine,Toyota,450.0,เจ้าของรถ,ระยอง,15,1350.0,202.5,1147.5,No,4
ORD00131,2026-08-26,C0161,P017,4,Website,โอนเงิน,Wheel Bearing,Suspension,Honda,1450.0,เจ้าของรถ,ชลบุรี,0,5800.0,0.0,5800.0,No,4
ORD01619,2026-08-26,C0172,P017,3,Marketplace,โอนเงิน,Wheel Bearing,Suspension,Honda,1450.0,เจ้าของรถ,ระยอง,0,4350.0,0.0,4350.0,Yes,5
ORD00115,2026-08-26,C0018,P014,1,Line OA,เก็บเงินปลายทาง,Clutch Set,Engine,Isuzu,3900.0,ร้านอะไหล่,ชลบุรี,0,3900.0,0.0,3900.0,Yes,5
ORD01794,2026-08-26,C0179,P019,1,Marketplace,PromptPay,Headlight,Electrical,Isuzu,1800.0,อู่ซ่อมรถ,นครราชสีมา,0,1800.0,0.0,1800.0,Yes,4
ORD00765,2026-08-26,C0084,P004,4,Mobile App,บัตรเครดิต,Air Filter,Engine,Toyota,450.0,เจ้าของรถ,นครราชสีมา,0,1800.0,0.0,1800.0,No,4
ORD00842,2026-08-26,C0036,P015,4,Website,เก็บเงินปลายทาง,Radiator Hose,Cooling,Honda,650.0,เจ้าของรถ,ฉะเชิงเทรา,10,2600.0,260.0,2340.0,No,4
ORD01118,2026-08-26,C0180,P005,2,Website,PromptPay,Spark Plug,Engine,Honda,320.0,อู่ซ่อมรถ,ภูเก็ต,0,640.0,0.0,640.0,No,4
ORD00226,2026-08-26,C0200,P018,3,Marketplace,PromptPay,Fuel Pump,Engine,Toyota,2700.0,อู่ซ่อมรถ,ภูเก็ต,15,8100.0,1215.0,6885.0,No,4
ORD00572,2026-08-26,C0067,P006,2,Website,บัตรเครดิต,Ball Joint,Suspension,Isuzu,1250.0,เจ้าของรถ,ฉะเชิงเทรา,10,2500.0,250.0,2250.0,No,4
ORD00977,2026-08-27,C0005,P013,1,Website,โอนเงิน,Alternator,Electrical,Toyota,4800.0,อู่ซ่อมรถ,ฉะเชิงเทรา,0,4800.0,0.0,4800.0,Yes,4
ORD00625,2026-08-27,C0215,P007,2,Mobile App,โอนเงิน,Shock Absorber,Suspension,Toyota,2200.0,เจ้าของรถ,เชียงใหม่,5,4400.0,220.0,4180.0,Yes,4
ORD00687,2026-08-27,C0181,P005,1,Mobile App,PromptPay,Spark Plug,Engine,Honda,320.0,เจ้าของรถ,ฉะเชิงเทรา,5,320.0,16.0,304.0,No,4
ORD01306,2026-08-27,C0225,P020,1,Mobile App,เก็บเงินปลายทาง,Wiper Blade,Exterior,Nissan,420.0,เจ้าของรถ,นครราชสีมา,0,420.0,0.0,420.0,No,4
ORD00973,2026-08-27,C0151,P001,4,Website,เก็บเงินปลายทาง,Brake Pad,Brake,Toyota,850.0,ศูนย์บริการ,ระยอง,5,3400.0,170.0,3230.0,Yes,3
ORD01001,2026-08-27,C0182,P017,2,Mobile App,โอนเงิน,Wheel Bearing,Suspension,Honda,1450.0,ศูนย์บริการ,ฉะเชิงเทรา,5,2900.0,145.0,2755.0,Yes,4
ORD01438,2026-08-27,C0111,P020,3,Website,โอนเงิน,Wiper Blade,Exterior,Nissan,420.0,ร้านอะไหล่,ขอนแก่น,10,1260.0,126.0,1134.0,No,5
ORD00195,2026-08-27,C0240,P001,1,Website,เก็บเงินปลายทาง,Brake Pad,Brake,Toyota,850.0,เจ้าของรถ,กรุงเทพมหานคร,0,850.0,0.0,850.0,No,4
ORD00536,2026-08-27,C0231,P009,1,Line OA,โอนเงิน,Starter Motor,Electrical,Honda,4200.0,อู่ซ่อมรถ,ชลบุรี,15,4200.0,630.0,3570.0,Yes,5
ORD01316,2026-08-27,C0141,P013,3,Facebook,PromptPay,Alternator,Electrical,Toyota,4800.0,เจ้าของรถ,ขอนแก่น,5,14400.0,720.0,13680.0,Yes,4
ORD00709,2026-08-27,C0123,P002,1,Website,โอนเงิน,Brake Disc,Brake,Honda,1650.0,เจ้าของรถ,ชลบุรี,0,1650.0,0.0,1650.0,No,4
ORD01799,2026-08-28,C0244,P005,1,Marketplace,บัตรเครดิต,Spark Plug,Engine,Honda,320.0,เจ้าของรถ,ชลบุรี,5,320.0,16.0,304.0,Yes,4
ORD00613,2026-08-28,C0139,P016,3,Facebook,PromptPay,AC Filter,AC,Toyota,380.0,อู่ซ่อมรถ,ระยอง,5,1140.0,57.0,1083.0,No,4
ORD00037,2026-08-28,C0076,P005,1,Mobile App,PromptPay,Spark Plug,Engine,Honda,320.0,เจ้าของรถ,นครราชสีมา,0,320.0,0.0,320.0,Yes,5
ORD00545,2026-08-28,C0196,P012,1,Mobile App,เก็บเงินปลายทาง,Oil Filter,Engine,Nissan,250.0,เจ้าของรถ,ขอนแก่น,0,250.0,0.0,250.0,No,4
ORD00818,2026-08-28,C0116,P002,2,Facebook,โอนเงิน,Brake Disc,Brake,Honda,1650.0,อู่ซ่อมรถ,ชลบุรี,0,3300.0,0.0,3300.0,No,4
ORD01193,2026-08-29,C0117,P019,1,Website,เก็บเงินปลายทาง,Headlight,Electrical,Isuzu,1800.0,เจ้าของรถ,ชลบุรี,0,1800.0,0.0,1800.0,Yes,4
ORD00547,2026-08-29,C0088,P013,1,Website,PromptPay,Alternator,Electrical,Toyota,4800.0,เจ้าของรถ,ฉะเชิงเทรา,15,4800.0,720.0,4080.0,No,4
ORD00742,2026-08-29,C0123,P007,4,Mobile App,บัตรเครดิต,Shock Absorber,Suspension,Toyota,2200.0,เจ้าของรถ,ชลบุรี,0,8800.0,0.0,8800.0,Yes,5
ORD00291,2026-08-29,C0097,P012,2,Facebook,บัตรเครดิต,Oil Filter,Engine,Nissan,250.0,เจ้าของรถ,ขอนแก่น,0,500.0,0.0,500.0,No,4
ORD00476,2026-08-29,C0198,P010,2,Mobile App,โอนเงิน,AC Compressor,AC,Toyota,5800.0,เจ้าของรถ,ชลบุรี,15,11600.0,1740.0,9860.0,No,4
ORD00469,2026-08-29,C0206,P012,1,Website,บัตรเครดิต,Oil Filter,Engine,Nissan,250.0,อู่ซ่อมรถ,นครราชสีมา,0,250.0,0.0,250.0,Yes,4
ORD01181,2026-08-29,C0036,P016,3,Website,บัตรเครดิต,AC Filter,AC,Toyota,380.0,เจ้าของรถ,ฉะเชิงเทรา,10,1140.0,114.0,1026.0,Yes,4
ORD00697,2026-08-29,C0011,P011,3,Line OA,บัตรเครดิต,Brake Fluid,Brake,Nissan,280.0,เจ้าของรถ,นครราชสีมา,0,840.0,0.0,840.0,Yes,4
ORD01068,2026-08-30,C0217,P013,3,Mobile App,บัตรเครดิต,Alternator,Electrical,Toyota,4800.0,เจ้าของรถ,กรุงเทพมหานคร,0,14400.0,0.0,14400.0,No,5
ORD01713,2026-08-30,C0173,P002,2,Website,บัตรเครดิต,Brake Disc,Brake,Honda,1650.0,อู่ซ่อมรถ,เชียงใหม่,0,3300.0,0.0,3300.0,Yes,4
ORD00956,2026-08-30,C0056,P019,1,Website,เก็บเงินปลายทาง,Headlight,Electrical,Isuzu,1800.0,อู่ซ่อมรถ,ระยอง,0,1800.0,0.0,1800.0,Yes,5
ORD01780,2026-08-30,C0210,P015,1,Line OA,PromptPay,Radiator Hose,Cooling,Honda,650.0,ร้านอะไหล่,ฉะเชิงเทรา,0,650.0,0.0,650.0,Yes,5
ORD00852,2026-08-31,C0025,P010,1,Mobile App,บัตรเครดิต,AC Compressor,AC,Toyota,5800.0,เจ้าของรถ,ขอนแก่น,10,5800.0,580.0,5220.0,No,5
ORD00095,2026-08-31,C0220,P013,1,Mobile App,PromptPay,Alternator,Electrical,Toyota,4800.0,เจ้าของรถ,ชลบุรี,0,4800.0,0.0,4800.0,No,4
ORD01452,2026-08-31,C0139,P001,1,Line OA,PromptPay,Brake Pad,Brake,Toyota,850.0,อู่ซ่อมรถ,ระยอง,5,850.0,42.5,807.5,Yes,5
ORD01219,2026-08-31,C0161,P009,1,Mobile App,เก็บเงินปลายทาง,Starter Motor,Electrical,Honda,4200.0,เจ้าของรถ,ชลบุรี,0,4200.0,0.0,4200.0,Yes,3
ORD00473,2026-08-31,C0080,P016,3,Website,โอนเงิน,AC Filter,AC,Toyota,380.0,เจ้าของรถ,ขอนแก่น,0,1140.0,0.0,1140.0,Yes,4
ORD00923,2026-08-31,C0125,P018,1,Website,PromptPay,Fuel Pump,Engine,Toyota,2700.0,เจ้าของรถ,ระยอง,0,2700.0,0.0,2700.0,No,4
ORD00199,2026-08-31,C0137,P010,1,Website,บัตรเครดิต,AC Compressor,AC,Toyota,5800.0,ร้านอะไหล่,นครราชสีมา,0,5800.0,0.0,5800.0,Yes,5
ORD00274,2026-08-31,C0222,P008,4,Website,บัตรเครดิต,Radiator,Cooling,Isuzu,3500.0,อู่ซ่อมรถ,กรุงเทพมหานคร,0,14000.0,0.0,14000.0,Yes,5
ORD00657,2026-08-31,C0164,P011,4,Line OA,เก็บเงินปลายทาง,Brake Fluid,Brake,Nissan,280.0,ศูนย์บริการ,นครราชสีมา,10,1120.0,112.0,1008.0,Yes,4
ORD00099,2026-08-31,C0219,P020,1,Marketplace,โอนเงิน,Wiper Blade,Exterior,Nissan,420.0,เจ้าของรถ,ขอนแก่น,0,420.0,0.0,420.0,Yes,5
ORD01510,2026-08-31,C0217,P017,1,Line OA,บัตรเครดิต,Wheel Bearing,Suspension,Honda,1450.0,เจ้าของรถ,กรุงเทพมหานคร,5,1450.0,72.5,1377.5,No,4
ORD01398,2026-09-01,C0141,P006,1,Marketplace,PromptPay,Ball Joint,Suspension,Isuzu,1250.0,เจ้าของรถ,ขอนแก่น,5,1250.0,62.5,1187.5,Yes,4
ORD00749,2026-09-01,C0039,P006,1,Marketplace,โอนเงิน,Ball Joint,Suspension,Isuzu,1250.0,ศูนย์บริการ,เชียงใหม่,10,1250.0,125.0,1125.0,Yes,4
ORD00340,2026-09-01,C0120,P001,1,Website,บัตรเครดิต,Brake Pad,Brake,Toyota,850.0,เจ้าของรถ,ภูเก็ต,5,850.0,42.5,807.5,Yes,5
ORD01053,2026-09-01,C0099,P007,3,Line OA,โอนเงิน,Shock Absorber,Suspension,Toyota,2200.0,ร้านอะไหล่,ชลบุรี,5,6600.0,330.0,6270.0,Yes,5
ORD00398,2026-09-01,C0189,P006,3,Website,เก็บเงินปลายทาง,Ball Joint,Suspension,Isuzu,1250.0,เจ้าของรถ,ชลบุรี,10,3750.0,375.0,3375.0,Yes,5
ORD00854,2026-09-01,C0144,P016,1,Website,PromptPay,AC Filter,AC,Toyota,380.0,ร้านอะไหล่,ขอนแก่น,0,380.0,0.0,380.0,Yes,5
ORD01377,2026-09-01,C0024,P013,3,Line OA,เก็บเงินปลายทาง,Alternator,Electrical,Toyota,4800.0,เจ้าของรถ,ชลบุรี,5,14400.0,720.0,13680.0,Yes,4
ORD00988,2026-09-01,C0183,P002,3,Facebook,PromptPay,Brake Disc,Brake,Honda,1650.0,ร้านอะไหล่,กรุงเทพมหานคร,0,4950.0,0.0,4950.0,Yes,4
ORD00190,2026-09-01,C0150,P009,4,Website,โอนเงิน,Starter Motor,Electrical,Honda,4200.0,เจ้าของรถ,ฉะเชิงเทรา,0,16800.0,0.0,16800.0,Yes,5
ORD00622,2026-09-02,C0109,P003,1,Mobile App,PromptPay,Car Battery,Electrical,Toyota,2800.0,เจ้าของรถ,ฉะเชิงเทรา,15,2800.0,420.0,2380.0,Yes,4
ORD00885,2026-09-02,C0080,P016,1,Marketplace,PromptPay,AC Filter,AC,Toyota,380.0,เจ้าของรถ,ขอนแก่น,5,380.0,19.0,361.0,Yes,5
ORD00336,2026-09-02,C0199,P015,3,Mobile App,PromptPay,Radiator Hose,Cooling,Honda,650.0,อู่ซ่อมรถ,กรุงเทพมหานคร,0,1950.0,0.0,1950.0,Yes,4
ORD01034,2026-09-02,C0052,P016,4,Website,เก็บเงินปลายทาง,AC Filter,AC,Toyota,380.0,เจ้าของรถ,ภูเก็ต,0,1520.0,0.0,1520.0,Yes,3
ORD00059,2026-09-03,C0153,P003,1,Mobile App,บัตรเครดิต,Car Battery,Electrical,Toyota,2800.0,เจ้าของรถ,ฉะเชิงเทรา,5,2800.0,140.0,2660.0,No,5
ORD01600,2026-09-03,C0114,P014,2,Line OA,เก็บเงินปลายทาง,Clutch Set,Engine,Isuzu,3900.0,ร้านอะไหล่,กรุงเทพมหานคร,0,7800.0,0.0,7800.0,Yes,4
ORD00704,2026-09-03,C0213,P019,1,Website,บัตรเครดิต,Headlight,Electrical,Isuzu,1800.0,เจ้าของรถ,ภูเก็ต,0,1800.0,0.0,1800.0,Yes,4
ORD01100,2026-09-03,C0094,P006,4,Mobile App,โอนเงิน,Ball Joint,Suspension,Isuzu,1250.0,เจ้าของรถ,ภูเก็ต,0,5000.0,0.0,5000.0,Yes,4
ORD01285,2026-09-04,C0248,P005,1,Mobile App,โอนเงิน,Spark Plug,Engine,Honda,320.0,เจ้าของรถ,ชลบุรี,0,320.0,0.0,320.0,Yes,4
ORD01358,2026-09-04,C0103,P004,1,Mobile App,PromptPay,Air Filter,Engine,Toyota,450.0,เจ้าของรถ,ขอนแก่น,5,450.0,22.5,427.5,Yes,4
ORD01568,2026-09-04,C0042,P001,3,Website,เก็บเงินปลายทาง,Brake Pad,Brake,Toyota,850.0,ร้านอะไหล่,ชลบุรี,0,2550.0,0.0,2550.0,No,5
ORD00493,2026-09-04,C0099,P004,1,Line OA,PromptPay,Air Filter,Engine,Toyota,450.0,ร้านอะไหล่,ชลบุรี,15,450.0,67.5,382.5,Yes,4
ORD01516,2026-09-04,C0131,P002,2,Marketplace,โอนเงิน,Brake Disc,Brake,Honda,1650.0,เจ้าของรถ,ระยอง,10,3300.0,330.0,2970.0,Yes,4
ORD00971,2026-09-05,C0031,P006,2,Mobile App,บัตรเครดิต,Ball Joint,Suspension,Isuzu,1250.0,อู่ซ่อมรถ,ระยอง,0,2500.0,0.0,2500.0,Yes,4
ORD01322,2026-09-05,C0217,P012,4,Website,เก็บเงินปลายทาง,Oil Filter,Engine,Nissan,250.0,เจ้าของรถ,กรุงเทพมหานคร,10,1000.0,100.0,900.0,Yes,3
ORD00631,2026-09-05,C0197,P020,1,Facebook,เก็บเงินปลายทาง,Wiper Blade,Exterior,Nissan,420.0,เจ้าของรถ,เชียงใหม่,0,420.0,0.0,420.0,No,3
ORD00229,2026-09-05,C0040,P005,2,Marketplace,เก็บเงินปลายทาง,Spark Plug,Engine,Honda,320.0,ร้านอะไหล่,ภูเก็ต,0,640.0,0.0,640.0,Yes,5
ORD00392,2026-09-05,C0039,P014,1,Line OA,โอนเงิน,Clutch Set,Engine,Isuzu,3900.0,ศูนย์บริการ,เชียงใหม่,15,3900.0,585.0,3315.0,No,4
ORD00260,2026-09-05,C0062,P011,4,Mobile App,เก็บเงินปลายทาง,Brake Fluid,Brake,Nissan,280.0,เจ้าของรถ,ภูเก็ต,5,1120.0,56.0,1064.0,No,4
ORD00466,2026-09-05,C0107,P007,1,Mobile App,เก็บเงินปลายทาง,Shock Absorber,Suspension,Toyota,2200.0,เจ้าของรถ,เชียงใหม่,15,2200.0,330.0,1870.0,Yes,5
ORD00341,2026-09-05,C0078,P008,2,Line OA,เก็บเงินปลายทาง,Radiator,Cooling,Isuzu,3500.0,เจ้าของรถ,ฉะเชิงเทรา,5,7000.0,350.0,6650.0,Yes,4
ORD01087,2026-09-05,C0149,P017,2,Mobile App,PromptPay,Wheel Bearing,Suspension,Honda,1450.0,เจ้าของรถ,เชียงใหม่,0,2900.0,0.0,2900.0,Yes,4
ORD00491,2026-09-05,C0241,P017,1,Marketplace,บัตรเครดิต,Wheel Bearing,Suspension,Honda,1450.0,เจ้าของรถ,ขอนแก่น,10,1450.0,145.0,1305.0,Yes,4
ORD01359,2026-09-05,C0116,P010,2,Line OA,บัตรเครดิต,AC Compressor,AC,Toyota,5800.0,อู่ซ่อมรถ,ชลบุรี,10,11600.0,1160.0,10440.0,No,5
ORD01565,2026-09-06,C0061,P004,1,Website,โอนเงิน,Air Filter,Engine,Toyota,450.0,เจ้าของรถ,กรุงเทพมหานคร,0,450.0,0.0,450.0,No,3
ORD01753,2026-09-06,C0237,P014,3,Line OA,PromptPay,Clutch Set,Engine,Isuzu,3900.0,ศูนย์บริการ,เชียงใหม่,0,11700.0,0.0,11700.0,No,4
ORD00188,2026-09-06,C0230,P007,1,Marketplace,บัตรเครดิต,Shock Absorber,Suspension,Toyota,2200.0,เจ้าของรถ,กรุงเทพมหานคร,15,2200.0,330.0,1870.0,Yes,5
ORD00283,2026-09-06,C0170,P015,1,Line OA,เก็บเงินปลายทาง,Radiator Hose,Cooling,Honda,650.0,เจ้าของรถ,ขอนแก่น,0,650.0,0.0,650.0,Yes,4
ORD00444,2026-09-07,C0116,P011,2,Website,โอนเงิน,Brake Fluid,Brake,Nissan,280.0,อู่ซ่อมรถ,ชลบุรี,0,560.0,0.0,560.0,No,4
ORD00233,2026-09-07,C0184,P014,3,Line OA,โอนเงิน,Clutch Set,Engine,Isuzu,3900.0,อู่ซ่อมรถ,ขอนแก่น,0,11700.0,0.0,11700.0,Yes,4
ORD01687,2026-09-07,C0237,P020,4,Facebook,บัตรเครดิต,Wiper Blade,Exterior,Nissan,420.0,ศูนย์บริการ,เชียงใหม่,0,1680.0,0.0,1680.0,Yes,5
ORD01027,2026-09-07,C0074,P004,3,Mobile App,PromptPay,Air Filter,Engine,Toyota,450.0,อู่ซ่อมรถ,กรุงเทพมหานคร,0,1350.0,0.0,1350.0,Yes,4
ORD00535,2026-09-07,C0073,P003,1,Facebook,บัตรเครดิต,Car Battery,Electrical,Toyota,2800.0,ศูนย์บริการ,ชลบุรี,0,2800.0,0.0,2800.0,No,5
ORD01495,2026-09-07,C0087,P019,3,Mobile App,PromptPay,Headlight,Electrical,Isuzu,1800.0,ร้านอะไหล่,กรุงเทพมหานคร,5,5400.0,270.0,5130.0,Yes,5
ORD00896,2026-09-07,C0057,P013,1,Website,โอนเงิน,Alternator,Electrical,Toyota,4800.0,เจ้าของรถ,ฉะเชิงเทรา,0,4800.0,0.0,4800.0,No,4
ORD01518,2026-09-07,C0061,P004,3,Mobile App,เก็บเงินปลายทาง,Air Filter,Engine,Toyota,450.0,เจ้าของรถ,กรุงเทพมหานคร,15,1350.0,202.5,1147.5,Yes,3
ORD00314,2026-09-07,C0181,P005,2,Mobile App,PromptPay,Spark Plug,Engine,Honda,320.0,เจ้าของรถ,ฉะเชิงเทรา,0,640.0,0.0,640.0,Yes,4
ORD00448,2026-09-08,C0035,P014,4,Mobile App,เก็บเงินปลายทาง,Clutch Set,Engine,Isuzu,3900.0,เจ้าของรถ,ฉะเชิงเทรา,0,15600.0,0.0,15600.0,Yes,4
ORD01796,2026-09-08,C0215,P015,2,Marketplace,เก็บเงินปลายทาง,Radiator Hose,Cooling,Honda,650.0,เจ้าของรถ,เชียงใหม่,10,1300.0,130.0,1170.0,Yes,5
ORD00021,2026-09-08,C0208,P017,3,Mobile App,บัตรเครดิต,Wheel Bearing,Suspension,Honda,1450.0,ศูนย์บริการ,ฉะเชิงเทรา,0,4350.0,0.0,4350.0,Yes,4
ORD01711,2026-09-08,C0110,P005,1,Website,เก็บเงินปลายทาง,Spark Plug,Engine,Honda,320.0,เจ้าของรถ,กรุงเทพมหานคร,15,320.0,48.0,272.0,No,5
ORD00731,2026-09-08,C0209,P020,4,Mobile App,บัตรเครดิต,Wiper Blade,Exterior,Nissan,420.0,เจ้าของรถ,ฉะเชิงเทรา,15,1680.0,252.0,1428.0,Yes,3
ORD00427,2026-09-08,C0208,P002,4,Marketplace,PromptPay,Brake Disc,Brake,Honda,1650.0,ศูนย์บริการ,ฉะเชิงเทรา,10,6600.0,660.0,5940.0,Yes,4
ORD00680,2026-09-09,C0031,P006,2,Facebook,บัตรเครดิต,Ball Joint,Suspension,Isuzu,1250.0,อู่ซ่อมรถ,ระยอง,10,2500.0,250.0,2250.0,No,5
ORD00315,2026-09-09,C0160,P007,2,Line OA,บัตรเครดิต,Shock Absorber,Suspension,Toyota,2200.0,อู่ซ่อมรถ,ชลบุรี,15,4400.0,660.0,3740.0,Yes,5
ORD00560,2026-09-09,C0007,P004,2,Facebook,เก็บเงินปลายทาง,Air Filter,Engine,Toyota,450.0,เจ้าของรถ,นครราชสีมา,0,900.0,0.0,900.0,Yes,4
ORD00288,2026-09-09,C0069,P020,4,Website,โอนเงิน,Wiper Blade,Exterior,Nissan,420.0,เจ้าของรถ,ฉะเชิงเทรา,15,1680.0,252.0,1428.0,No,5
ORD01137,2026-09-09,C0105,P011,3,Marketplace,PromptPay,Brake Fluid,Brake,Nissan,280.0,อู่ซ่อมรถ,เชียงใหม่,5,840.0,42.0,798.0,No,4
ORD01289,2026-09-09,C0232,P009,4,Website,บัตรเครดิต,Starter Motor,Electrical,Honda,4200.0,อู่ซ่อมรถ,ภูเก็ต,0,16800.0,0.0,16800.0,Yes,5
ORD01413,2026-09-10,C0021,P020,3,Marketplace,PromptPay,Wiper Blade,Exterior,Nissan,420.0,เจ้าของรถ,ระยอง,0,1260.0,0.0,1260.0,Yes,5
ORD01397,2026-09-10,C0210,P007,4,Marketplace,โอนเงิน,Shock Absorber,Suspension,Toyota,2200.0,ร้านอะไหล่,ฉะเชิงเทรา,0,8800.0,0.0,8800.0,No,4
ORD00669,2026-09-10,C0102,P010,1,Marketplace,PromptPay,AC Compressor,AC,Toyota,5800.0,อู่ซ่อมรถ,ชลบุรี,5,5800.0,290.0,5510.0,No,5
ORD00254,2026-09-11,C0209,P017,3,Website,เก็บเงินปลายทาง,Wheel Bearing,Suspension,Honda,1450.0,เจ้าของรถ,ฉะเชิงเทรา,15,4350.0,652.5,3697.5,No,4
ORD01672,2026-09-11,C0113,P009,1,Website,เก็บเงินปลายทาง,Starter Motor,Electrical,Honda,4200.0,เจ้าของรถ,กรุงเทพมหานคร,0,4200.0,0.0,4200.0,No,5
ORD01740,2026-09-11,C0075,P013,4,Website,โอนเงิน,Alternator,Electrical,Toyota,4800.0,เจ้าของรถ,ระยอง,0,19200.0,0.0,19200.0,Yes,3
ORD01661,2026-09-11,C0139,P014,2,Mobile App,เก็บเงินปลายทาง,Clutch Set,Engine,Isuzu,3900.0,อู่ซ่อมรถ,ระยอง,0,7800.0,0.0,7800.0,No,4
ORD00811,2026-09-11,C0135,P012,1,Mobile App,โอนเงิน,Oil Filter,Engine,Nissan,250.0,เจ้าของรถ,ชลบุรี,15,250.0,37.5,212.5,Yes,4
ORD00047,2026-09-11,C0002,P014,4,Mobile App,เก็บเงินปลายทาง,Clutch Set,Engine,Isuzu,3900.0,ร้านอะไหล่,ชลบุรี,0,15600.0,0.0,15600.0,Yes,3
ORD01235,2026-09-11,C0033,P017,1,Mobile App,โอนเงิน,Wheel Bearing,Suspension,Honda,1450.0,อู่ซ่อมรถ,นครราชสีมา,15,1450.0,217.5,1232.5,Yes,3
ORD00754,2026-09-12,C0207,P018,1,Line OA,โอนเงิน,Fuel Pump,Engine,Toyota,2700.0,ศูนย์บริการ,กรุงเทพมหานคร,5,2700.0,135.0,2565.0,No,4
ORD01179,2026-09-12,C0011,P020,1,Mobile App,เก็บเงินปลายทาง,Wiper Blade,Exterior,Nissan,420.0,เจ้าของรถ,นครราชสีมา,0,420.0,0.0,420.0,No,4
ORD00213,2026-09-13,C0220,P019,2,Website,PromptPay,Headlight,Electrical,Isuzu,1800.0,เจ้าของรถ,ชลบุรี,5,3600.0,180.0,3420.0,Yes,3
ORD00415,2026-09-13,C0220,P006,4,Marketplace,เก็บเงินปลายทาง,Ball Joint,Suspension,Isuzu,1250.0,เจ้าของรถ,ชลบุรี,0,5000.0,0.0,5000.0,Yes,5
ORD01132,2026-09-13,C0243,P013,2,Mobile App,บัตรเครดิต,Alternator,Electrical,Toyota,4800.0,อู่ซ่อมรถ,ระยอง,10,9600.0,960.0,8640.0,No,4
ORD00064,2026-09-13,C0219,P014,1,Website,PromptPay,Clutch Set,Engine,Isuzu,3900.0,เจ้าของรถ,ขอนแก่น,15,3900.0,585.0,3315.0,Yes,3
ORD00257,2026-09-14,C0026,P020,1,Line OA,PromptPay,Wiper Blade,Exterior,Nissan,420.0,เจ้าของรถ,นครราชสีมา,10,420.0,42.0,378.0,Yes,5
ORD01770,2026-09-14,C0177,P006,3,Mobile App,PromptPay,Ball Joint,Suspension,Isuzu,1250.0,เจ้าของรถ,ชลบุรี,0,3750.0,0.0,3750.0,Yes,5
ORD01104,2026-09-14,C0245,P005,2,Mobile App,PromptPay,Spark Plug,Engine,Honda,320.0,เจ้าของรถ,เชียงใหม่,5,640.0,32.0,608.0,Yes,5
ORD00872,2026-09-15,C0137,P001,1,Mobile App,เก็บเงินปลายทาง,Brake Pad,Brake,Toyota,850.0,ร้านอะไหล่,นครราชสีมา,5,850.0,42.5,807.5,Yes,4
ORD00133,2026-09-15,C0205,P017,1,Mobile App,เก็บเงินปลายทาง,Wheel Bearing,Suspension,Honda,1450.0,เจ้าของรถ,ภูเก็ต,0,1450.0,0.0,1450.0,No,5
ORD00065,2026-09-15,C0099,P002,3,Mobile App,โอนเงิน,Brake Disc,Brake,Honda,1650.0,ร้านอะไหล่,ชลบุรี,0,4950.0,0.0,4950.0,Yes,4
ORD00803,2026-09-15,C0123,P019,4,Facebook,PromptPay,Headlight,Electrical,Isuzu,1800.0,เจ้าของรถ,ชลบุรี,5,7200.0,360.0,6840.0,No,4
ORD01253,2026-09-15,C0077,P014,4,Line OA,โอนเงิน,Clutch Set,Engine,Isuzu,3900.0,อู่ซ่อมรถ,นครราชสีมา,5,15600.0,780.0,14820.0,No,4
ORD00129,2026-09-15,C0003,P012,2,Facebook,โอนเงิน,Oil Filter,Engine,Nissan,250.0,เจ้าของรถ,ระยอง,0,500.0,0.0,500.0,Yes,4
ORD00077,2026-09-15,C0086,P011,4,Marketplace,โอนเงิน,Brake Fluid,Brake,Nissan,280.0,ร้านอะไหล่,นครราชสีมา,10,1120.0,112.0,1008.0,No,5
ORD01071,2026-09-16,C0100,P020,2,Marketplace,เก็บเงินปลายทาง,Wiper Blade,Exterior,Nissan,420.0,ร้านอะไหล่,กรุงเทพมหานคร,5,840.0,42.0,798.0,Yes,5
ORD01273,2026-09-16,C0209,P006,4,Marketplace,โอนเงิน,Ball Joint,Suspension,Isuzu,1250.0,เจ้าของรถ,ฉะเชิงเทรา,15,5000.0,750.0,4250.0,Yes,3
ORD01366,2026-09-16,C0193,P004,2,Marketplace,บัตรเครดิต,Air Filter,Engine,Toyota,450.0,เจ้าของรถ,ฉะเชิงเทรา,15,900.0,135.0,765.0,Yes,3
ORD01534,2026-09-17,C0055,P019,2,Website,บัตรเครดิต,Headlight,Electrical,Isuzu,1800.0,อู่ซ่อมรถ,เชียงใหม่,15,3600.0,540.0,3060.0,Yes,3
ORD01207,2026-09-17,C0123,P019,1,Website,บัตรเครดิต,Headlight,Electrical,Isuzu,1800.0,เจ้าของรถ,ชลบุรี,15,1800.0,270.0,1530.0,Yes,3
ORD01475,2026-09-17,C0074,P004,2,Line OA,โอนเงิน,Air Filter,Engine,Toyota,450.0,อู่ซ่อมรถ,กรุงเทพมหานคร,0,900.0,0.0,900.0,Yes,3
ORD00155,2026-09-17,C0034,P017,3,Line OA,โอนเงิน,Wheel Bearing,Suspension,Honda,1450.0,อู่ซ่อมรถ,นครราชสีมา,0,4350.0,0.0,4350.0,Yes,5
ORD00819,2026-09-17,C0074,P015,1,Mobile App,โอนเงิน,Radiator Hose,Cooling,Honda,650.0,อู่ซ่อมรถ,กรุงเทพมหานคร,0,650.0,0.0,650.0,Yes,5
ORD00729,2026-09-17,C0129,P007,3,Mobile App,โอนเงิน,Shock Absorber,Suspension,Toyota,2200.0,เจ้าของรถ,นครราชสีมา,0,6600.0,0.0,6600.0,Yes,5
ORD00829,2026-09-17,C0029,P015,1,Mobile App,บัตรเครดิต,Radiator Hose,Cooling,Honda,650.0,ร้านอะไหล่,กรุงเทพมหานคร,15,650.0,97.5,552.5,No,5
ORD01089,2026-09-18,C0138,P016,1,Website,บัตรเครดิต,AC Filter,AC,Toyota,380.0,เจ้าของรถ,เชียงใหม่,0,380.0,0.0,380.0,No,4
ORD00965,2026-09-18,C0031,P007,1,Facebook,PromptPay,Shock Absorber,Suspension,Toyota,2200.0,อู่ซ่อมรถ,ระยอง,0,2200.0,0.0,2200.0,Yes,4
ORD00629,2026-09-18,C0028,P007,2,Line OA,โอนเงิน,Shock Absorber,Suspension,Toyota,2200.0,เจ้าของรถ,ขอนแก่น,0,4400.0,0.0,4400.0,No,4
ORD00916,2026-09-18,C0082,P007,4,Website,บัตรเครดิต,Shock Absorber,Suspension,Toyota,2200.0,เจ้าของรถ,ขอนแก่น,0,8800.0,0.0,8800.0,No,5
ORD00306,2026-09-18,C0170,P012,2,Mobile App,PromptPay,Oil Filter,Engine,Nissan,250.0,เจ้าของรถ,ขอนแก่น,5,500.0,25.0,475.0,Yes,5
ORD01006,2026-09-18,C0189,P019,2,Mobile App,บัตรเครดิต,Headlight,Electrical,Isuzu,1800.0,เจ้าของรถ,ชลบุรี,5,3600.0,180.0,3420.0,Yes,5
ORD00556,2026-09-18,C0016,P014,4,Website,บัตรเครดิต,Clutch Set,Engine,Isuzu,3900.0,เจ้าของรถ,ฉะเชิงเทรา,0,15600.0,0.0,15600.0,Yes,4
ORD00808,2026-09-18,C0201,P001,2,Facebook,PromptPay,Brake Pad,Brake,Toyota,850.0,เจ้าของรถ,ขอนแก่น,15,1700.0,255.0,1445.0,Yes,4
ORD01772,2026-09-19,C0161,P010,2,Mobile App,เก็บเงินปลายทาง,AC Compressor,AC,Toyota,5800.0,เจ้าของรถ,ชลบุรี,0,11600.0,0.0,11600.0,Yes,4
ORD01594,2026-09-19,C0146,P009,2,Mobile App,บัตรเครดิต,Starter Motor,Electrical,Honda,4200.0,เจ้าของรถ,ฉะเชิงเทรา,0,8400.0,0.0,8400.0,Yes,3
ORD01590,2026-09-19,C0036,P006,1,Line OA,PromptPay,Ball Joint,Suspension,Isuzu,1250.0,เจ้าของรถ,ฉะเชิงเทรา,15,1250.0,187.5,1062.5,No,4
ORD01063,2026-09-20,C0126,P011,1,Marketplace,โอนเงิน,Brake Fluid,Brake,Nissan,280.0,เจ้าของรถ,ระยอง,0,280.0,0.0,280.0,Yes,5
ORD01567,2026-09-20,C0228,P014,4,Line OA,โอนเงิน,Clutch Set,Engine,Isuzu,3900.0,ร้านอะไหล่,ภูเก็ต,0,15600.0,0.0,15600.0,No,4
ORD01093,2026-09-20,C0249,P008,4,Marketplace,บัตรเครดิต,Radiator,Cooling,Isuzu,3500.0,ร้านอะไหล่,ภูเก็ต,0,14000.0,0.0,14000.0,No,4
ORD01501,2026-09-20,C0192,P005,2,Mobile App,PromptPay,Spark Plug,Engine,Honda,320.0,อู่ซ่อมรถ,ภูเก็ต,0,640.0,0.0,640.0,No,3
ORD01295,2026-09-21,C0223,P009,2,Website,เก็บเงินปลายทาง,Starter Motor,Electrical,Honda,4200.0,เจ้าของรถ,เชียงใหม่,0,8400.0,0.0,8400.0,No,4
ORD01598,2026-09-21,C0157,P005,1,Mobile App,PromptPay,Spark Plug,Engine,Honda,320.0,เจ้าของรถ,ภูเก็ต,10,320.0,32.0,288.0,Yes,5
ORD00412,2026-09-21,C0147,P020,1,Website,เก็บเงินปลายทาง,Wiper Blade,Exterior,Nissan,420.0,ศูนย์บริการ,กรุงเทพมหานคร,0,420.0,0.0,420.0,No,4
ORD00492,2026-09-21,C0239,P002,1,Line OA,PromptPay,Brake Disc,Brake,Honda,1650.0,ศูนย์บริการ,กรุงเทพมหานคร,0,1650.0,0.0,1650.0,Yes,4
ORD01733,2026-09-22,C0205,P004,2,Website,บัตรเครดิต,Air Filter,Engine,Toyota,450.0,เจ้าของรถ,ภูเก็ต,0,900.0,0.0,900.0,No,4
ORD00723,2026-09-22,C0201,P002,1,Line OA,PromptPay,Brake Disc,Brake,Honda,1650.0,เจ้าของรถ,ขอนแก่น,0,1650.0,0.0,1650.0,No,4
ORD01112,2026-09-22,C0054,P017,2,Website,เก็บเงินปลายทาง,Wheel Bearing,Suspension,Honda,1450.0,เจ้าของรถ,ฉะเชิงเทรา,0,2900.0,0.0,2900.0,Yes,5
ORD01707,2026-09-23,C0015,P014,1,Mobile App,PromptPay,Clutch Set,Engine,Isuzu,3900.0,เจ้าของรถ,ภูเก็ต,0,3900.0,0.0,3900.0,Yes,4
ORD01679,2026-09-23,C0072,P009,2,Mobile App,เก็บเงินปลายทาง,Starter Motor,Electrical,Honda,4200.0,เจ้าของรถ,ภูเก็ต,10,8400.0,840.0,7560.0,Yes,3
ORD00201,2026-09-23,C0167,P005,4,Line OA,โอนเงิน,Spark Plug,Engine,Honda,320.0,อู่ซ่อมรถ,กรุงเทพมหานคร,0,1280.0,0.0,1280.0,Yes,3
ORD00302,2026-09-23,C0107,P006,1,Line OA,โอนเงิน,Ball Joint,Suspension,Isuzu,1250.0,เจ้าของรถ,เชียงใหม่,0,1250.0,0.0,1250.0,Yes,4
ORD00927,2026-09-23,C0143,P020,1,Mobile App,โอนเงิน,Wiper Blade,Exterior,Nissan,420.0,เจ้าของรถ,กรุงเทพมหานคร,5,420.0,21.0,399.0,No,4
ORD01175,2026-09-23,C0019,P018,1,Facebook,เก็บเงินปลายทาง,Fuel Pump,Engine,Toyota,2700.0,ศูนย์บริการ,กรุงเทพมหานคร,0,2700.0,0.0,2700.0,Yes,4
ORD01451,2026-09-23,C0164,P013,2,Line OA,เก็บเงินปลายทาง,Alternator,Electrical,Toyota,4800.0,ศูนย์บริการ,นครราชสีมา,0,9600.0,0.0,9600.0,No,5
ORD00877,2026-09-23,C0097,P011,2,Marketplace,เก็บเงินปลายทาง,Brake Fluid,Brake,Nissan,280.0,เจ้าของรถ,ขอนแก่น,5,560.0,28.0,532.0,No,5
ORD01406,2026-09-24,C0013,P019,4,Line OA,บัตรเครดิต,Headlight,Electrical,Isuzu,1800.0,เจ้าของรถ,ภูเก็ต,0,7200.0,0.0,7200.0,Yes,4
ORD00009,2026-09-24,C0142,P014,4,Facebook,เก็บเงินปลายทาง,Clutch Set,Engine,Isuzu,3900.0,เจ้าของรถ,ขอนแก่น,10,15600.0,1560.0,14040.0,Yes,4
ORD00443,2026-09-24,C0052,P012,1,Website,เก็บเงินปลายทาง,Oil Filter,Engine,Nissan,250.0,เจ้าของรถ,ภูเก็ต,0,250.0,0.0,250.0,No,4
ORD00692,2026-09-24,C0175,P012,1,Website,บัตรเครดิต,Oil Filter,Engine,Nissan,250.0,อู่ซ่อมรถ,กรุงเทพมหานคร,5,250.0,12.5,237.5,Yes,5
ORD00239,2026-09-24,C0086,P018,2,Line OA,บัตรเครดิต,Fuel Pump,Engine,Toyota,2700.0,ร้านอะไหล่,นครราชสีมา,10,5400.0,540.0,4860.0,Yes,4
ORD01372,2026-09-25,C0023,P017,3,Line OA,โอนเงิน,Wheel Bearing,Suspension,Honda,1450.0,เจ้าของรถ,นครราชสีมา,10,4350.0,435.0,3915.0,Yes,5
ORD01029,2026-09-25,C0096,P011,1,Line OA,เก็บเงินปลายทาง,Brake Fluid,Brake,Nissan,280.0,เจ้าของรถ,กรุงเทพมหานคร,10,280.0,28.0,252.0,No,5
ORD00352,2026-09-25,C0111,P006,1,Website,PromptPay,Ball Joint,Suspension,Isuzu,1250.0,ร้านอะไหล่,ขอนแก่น,10,1250.0,125.0,1125.0,Yes,5
ORD01744,2026-09-26,C0119,P013,1,Marketplace,เก็บเงินปลายทาง,Alternator,Electrical,Toyota,4800.0,เจ้าของรถ,เชียงใหม่,0,4800.0,0.0,4800.0,No,3
ORD00644,2026-09-26,C0085,P004,1,Facebook,PromptPay,Air Filter,Engine,Toyota,450.0,เจ้าของรถ,ฉะเชิงเทรา,0,450.0,0.0,450.0,Yes,4
ORD00848,2026-09-26,C0046,P004,1,Facebook,บัตรเครดิต,Air Filter,Engine,Toyota,450.0,ศูนย์บริการ,เชียงใหม่,10,450.0,45.0,405.0,No,5
ORD01632,2026-09-26,C0005,P012,4,Marketplace,PromptPay,Oil Filter,Engine,Nissan,250.0,อู่ซ่อมรถ,ฉะเชิงเทรา,10,1000.0,100.0,900.0,Yes,4
ORD00168,2026-09-26,C0237,P015,1,Marketplace,PromptPay,Radiator Hose,Cooling,Honda,650.0,ศูนย์บริการ,เชียงใหม่,0,650.0,0.0,650.0,Yes,5
ORD01309,2026-09-26,C0029,P016,2,Mobile App,บัตรเครดิต,AC Filter,AC,Toyota,380.0,ร้านอะไหล่,กรุงเทพมหานคร,10,760.0,76.0,684.0,No,4
ORD01254,2026-09-27,C0099,P014,1,Marketplace,บัตรเครดิต,Clutch Set,Engine,Isuzu,3900.0,ร้านอะไหล่,ชลบุรี,15,3900.0,585.0,3315.0,Yes,4
ORD01007,2026-09-27,C0013,P012,1,Facebook,PromptPay,Oil Filter,Engine,Nissan,250.0,เจ้าของรถ,ภูเก็ต,0,250.0,0.0,250.0,No,4
ORD01156,2026-09-27,C0105,P020,2,Line OA,บัตรเครดิต,Wiper Blade,Exterior,Nissan,420.0,อู่ซ่อมรถ,เชียงใหม่,0,840.0,0.0,840.0,Yes,3
ORD00003,2026-09-27,C0135,P018,3,Mobile App,บัตรเครดิต,Fuel Pump,Engine,Toyota,2700.0,เจ้าของรถ,ชลบุรี,5,8100.0,405.0,7695.0,Yes,4
ORD00653,2026-09-27,C0140,P003,1,Facebook,โอนเงิน,Car Battery,Electrical,Toyota,2800.0,เจ้าของรถ,ระยอง,0,2800.0,0.0,2800.0,Yes,5
ORD01350,2026-09-27,C0242,P015,1,Mobile App,เก็บเงินปลายทาง,Radiator Hose,Cooling,Honda,650.0,เจ้าของรถ,นครราชสีมา,15,650.0,97.5,552.5,No,4
ORD00695,2026-09-27,C0142,P001,1,Line OA,PromptPay,Brake Pad,Brake,Toyota,850.0,เจ้าของรถ,ขอนแก่น,5,850.0,42.5,807.5,No,4
ORD01512,2026-09-27,C0240,P015,1,Website,PromptPay,Radiator Hose,Cooling,Honda,650.0,เจ้าของรถ,กรุงเทพมหานคร,0,650.0,0.0,650.0,Yes,5
ORD00966,2026-09-28,C0157,P007,2,Facebook,เก็บเงินปลายทาง,Shock Absorber,Suspension,Toyota,2200.0,เจ้าของรถ,ภูเก็ต,5,4400.0,220.0,4180.0,No,3
ORD00108,2026-09-28,C0062,P011,1,Website,บัตรเครดิต,Brake Fluid,Brake,Nissan,280.0,เจ้าของรถ,ภูเก็ต,10,280.0,28.0,252.0,Yes,4
ORD01177,2026-09-28,C0114,P007,3,Website,บัตรเครดิต,Shock Absorber,Suspension,Toyota,2200.0,ร้านอะไหล่,กรุงเทพมหานคร,10,6600.0,660.0,5940.0,Yes,4
ORD00538,2026-09-28,C0172,P020,1,Line OA,เก็บเงินปลายทาง,Wiper Blade,Exterior,Nissan,420.0,เจ้าของรถ,ระยอง,10,420.0,42.0,378.0,Yes,3
ORD00299,2026-09-28,C0105,P014,2,Marketplace,โอนเงิน,Clutch Set,Engine,Isuzu,3900.0,อู่ซ่อมรถ,เชียงใหม่,0,7800.0,0.0,7800.0,No,4
ORD00893,2026-09-28,C0100,P003,2,Facebook,โอนเงิน,Car Battery,Electrical,Toyota,2800.0,ร้านอะไหล่,กรุงเทพมหานคร,0,5600.0,0.0,5600.0,Yes,4
ORD00887,2026-09-29,C0032,P009,2,Mobile App,เก็บเงินปลายทาง,Starter Motor,Electrical,Honda,4200.0,เจ้าของรถ,กรุงเทพมหานคร,0,8400.0,0.0,8400.0,Yes,3
ORD01021,2026-09-29,C0135,P011,2,Line OA,PromptPay,Brake Fluid,Brake,Nissan,280.0,เจ้าของรถ,ชลบุรี,0,560.0,0.0,560.0,No,4
ORD01371,2026-09-29,C0045,P006,4,Facebook,เก็บเงินปลายทาง,Ball Joint,Suspension,Isuzu,1250.0,เจ้าของรถ,เชียงใหม่,0,5000.0,0.0,5000.0,No,4
ORD01587,2026-09-29,C0204,P009,2,Marketplace,โอนเงิน,Starter Motor,Electrical,Honda,4200.0,อู่ซ่อมรถ,ขอนแก่น,10,8400.0,840.0,7560.0,No,5
ORD01250,2026-09-29,C0141,P015,2,Marketplace,เก็บเงินปลายทาง,Radiator Hose,Cooling,Honda,650.0,เจ้าของรถ,ขอนแก่น,10,1300.0,130.0,1170.0,No,5
ORD00364,2026-09-29,C0246,P001,4,Mobile App,บัตรเครดิต,Brake Pad,Brake,Toyota,850.0,เจ้าของรถ,กรุงเทพมหานคร,10,3400.0,340.0,3060.0,Yes,5
ORD00691,2026-09-30,C0204,P006,4,Facebook,PromptPay,Ball Joint,Suspension,Isuzu,1250.0,อู่ซ่อมรถ,ขอนแก่น,5,5000.0,250.0,4750.0,No,4
ORD00821,2026-09-30,C0058,P015,4,Line OA,บัตรเครดิต,Radiator Hose,Cooling,Honda,650.0,เจ้าของรถ,นครราชสีมา,5,2600.0,130.0,2470.0,Yes,4
ORD01324,2026-09-30,C0094,P017,2,Mobile App,โอนเงิน,Wheel Bearing,Suspension,Honda,1450.0,เจ้าของรถ,ภูเก็ต,15,2900.0,435.0,2465.0,Yes,4
ORD01153,2026-09-30,C0093,P005,3,Website,โอนเงิน,Spark Plug,Engine,Honda,320.0,อู่ซ่อมรถ,กรุงเทพมหานคร,15,960.0,144.0,816.0,Yes,5
ORD00194,2026-09-30,C0226,P004,1,Mobile App,โอนเงิน,Air Filter,Engine,Toyota,450.0,เจ้าของรถ,ระยอง,0,450.0,0.0,450.0,Yes,3
ORD00207,2026-09-30,C0095,P020,1,Website,PromptPay,Wiper Blade,Exterior,Nissan,420.0,เจ้าของรถ,ฉะเชิงเทรา,10,420.0,42.0,378.0,No,4
ORD00393,2026-09-30,C0067,P005,1,Website,โอนเงิน,Spark Plug,Engine,Honda,320.0,เจ้าของรถ,ฉะเชิงเทรา,0,320.0,0.0,320.0,Yes,5
ORD00518,2026-09-30,C0199,P003,1,Website,PromptPay,Car Battery,Electrical,Toyota,2800.0,อู่ซ่อมรถ,กรุงเทพมหานคร,5,2800.0,140.0,2660.0,Yes,4
